ID	Label	Title	Citation (MLA)	Licence	Makers	Year of publication	Publisher	Published (Location and other publication information)	Language	Remarks	Scans	Holding archive	Handle	IIIF manifest	IIIF Info URL	Allmaps Geo 1	Allmaps Geo 2
1	Nieuwe Kaart van Suriname, Comowini, Cottica & Marawini	16A401 "Nieuwe Kaart van Suriname, Comowini, Cottica & Marawini, ...".			Josua Ottens	1750					1	Nationaal Archief	https://www.nationaalarchief.nl/onderzoeken/archief/4.TOPO/invnr/16A401/file/NL-HaNA_4.TOPO_16A401	-	https://service.archief.nl/iip/70/6a/ba/89/e6/7b/4d/09/a8/17/70/e6/7f/bc/fb/e9/cf8fbb84-5e14-4093-a253-4f82ed669d3e.jp2/info.json
2	Algemeene Kaart van de Colonie of Provintie van Suriname				Alexander de Lavaux	1758				Samengesteld uit zes aaneen gemonteerde vellen papier.  Vervaardigd door Alexander de Lavaux; gegraveerd en uitgegeven door Hendrik de Leth. Het noorden is onder. Met twee inzetten: [1] kaart van de noordkust van Zuid-Amerika, van de monding van de Berbice tot de monding van de Mahury River (het noorden is onder) en [2] 'Plan van de Stad Paramaribo': plattegrond van Paramaribo (het noorden is linksboven). Onder de kaart een naamlijst van plantage-eigenaren.  Referentie: vgl. Bubberman e.a. 1973, pl. 13; Koeman 1973, no. 11	1	Nationaal Archief	https://www.nationaalarchief.nl/onderzoeken/archief/4.HEK/invnr/MC749/file/NL-HaNA_4.HEK_MC749	-	https://service.archief.nl/iip/a9/99/ff/49/28/d5/4a/2f/85/e0/b9/0f/c9/85/d1/d8/8198ed36-ae50-4b4f-b086-ace8dd1c5c28.jp2/info.json
3	Carte de la Colonie de Surinam	 MC766 'Carte de la Colonie de Surinam, Situeé dans l'Amerique Meridionale en Terre ferme [...] Par Mr. A, de Lavaux': kaart van Suriname			anonymous, etched after a map by Alexander de Lavaux	1769				Anonieme ets naar de kaart van Alexander de Lavaux. Afkomstig uit het eerste deel van Philippe Fermins  Déscription Générale, Historique, Géographique et Physique de la Colonie de Surinam [...] van 1769. Het noorden is onder. De bij de kaart horende legenda ('Liste Générale') staat in Fermins boek opgenomen. In het Frans Referentie: Koeman 1973, no. 20.  Het boek door Fermin is geen deel van de collectie HEK.	1	Nationaal Archief	https://www.nationaalarchief.nl/onderzoeken/archief/4.HEK/invnr/MC766/file/NL-HaNA_4.HEK_MC766	-	https://service.archief.nl/iip/34/40/02/fc/a0/3b/4c/68/a4/e5/62/a6/5d/ca/a3/e7/00e773c6-a466-4bd3-8a61-d1bedbba4cee.jp2/info.json
4	Naadere kaart en rapport, specterende de nieuw te begeeven landeryen in de Marchals kreek en of dezelve tot nadeel konde strekken voor de Houtgrond Weltevreden C.A.	Naadere kaart en rapport, specterende de nieuw te begeeven landeryen in de Marchals kreek en of dezelve tot nadeel konde strekken voor de Houtgrond Weltevreden C.A. 1785. 			A.H. Helleday	1785				Gefacsimileerd in Grote Atlas van de West-Indische Compagnie deel II p. 301  Met aantekeningen.  Vervaardigd door A.H. Helleday . Gezw. Landm. Suriname.  Schaal van 400 Kettingen à 66 Rijnlandse voeten = 135 strepen.	1	Nationaal Archief	https://www.nationaalarchief.nl/onderzoeken/archief/4.VEL/invnr/1696/file/NL-HaNA_4.VEL_1696	-	https://service.archief.nl/iip/b6/7f/00/01/5b/a0/47/d1/8c/7a/b9/2f/3d/a0/9f/f4/cacd0f2a-2ad4-49ad-a3df-8c7ad8d559ee.jp2/info.json
5	Plaan van het hospitaal à Paramaribo in Surinamen	614 "Plaan van het hospitaal à Paramaribo in Surinamen."			J. H. Rothe	1793				Gefacsimileerd in Grote Atlas van de West-Indische Compagnie deel II p. 275  Achterop: "No.12, Register 17, deel 1, folio 88. Gemerkt Depôt des cartes, plans et journaux de la Marine."  Vervaardiging: Opgenomen in de maent Februarij 1793 door J.H. Rothe. Zie 609.  Schaal ± 1 : 480 of 40 Rijnl. voet op 1 duim.	1	Nationaal Archief	https://www.nationaalarchief.nl/onderzoeken/archief/4.VELH/invnr/614/file/NL-HaNA_4.VELH_614	-	https://service.archief.nl/iip/ed/a5/77/45/61/af/46/1c/9f/16/f0/34/64/34/85/a2/7251493c-319c-4776-bc59-ab7968775bb5.jp2/info.json
6	Generale kaart der kolonie Suriname in Zuid-Amerika [...]	 429 Generale kaart der kolonie Suriname in Zuid-Amerika, beginnende ten Oosten met de rivier Marowijne en eindigende ten Westen met de Duivelskreek, met alle de daarin uitgegeven gecultiveerde en verlatene landen, verder met aanwijzing van alle thans bezette posten, zoo voor de buiten- als binnenlandsche defensiën			J.H. Pohl	1840				Met cartouche. Kaart bevat verder plantagenamen en producten die verbouwd werden. Opgenomen en samengesteld door luitenant der artillerie Mabé in 1820. Getekend door J.H. Pohl.  Papier op linnen  Schaal van 2030 kettingen a 66 Rijnlandse voeten	1	Nationaal Archief	https://www.nationaalarchief.nl/onderzoeken/archief/4.MIKO/invnr/429/file/NL-HaNA_4.MIKO_429	-	https://service.archief.nl/iip/iipsrv?IIIF=8b/79/42/34/47/14/48/cc/82/90/e7/25/37/40/a2/1d/16a97a5d-b0f6-4ef8-a12b-c064f6536479.jp2/info.json
7	Kaart van Suriname met naamlijst der in ontginning zijnde plantages	1160 Kaart van Suriname met naamlijst der in ontginning zijnde plantages. Met inzet van Paramaribo			J. Kuyper, D. Heyse	ca. 1861	Vereeniging voor Suriname			Ontworpen en getekend door J. Kuyper. Gegraveerd door D. Heyse. Uitgave van de Vereeniging voor Suriname. Litho.  Schaal 1:800.000.	1	Nationaal Archief	https://www.nationaalarchief.nl/onderzoeken/archief/4.MIKO/invnr/1160/file/NL-HaNA_4.MIKO_1160	-	https://service.archief.nl/iip/80/ca/06/e1/02/9a/48/b3/a8/9d/f5/af/ac/f2/0b/67/67894bd7-d88f-4786-b0df-4b503a58c299.jp2/info.json
8	Kaart van Nw. Rotterdam met een gedeelte der Nickeriekust	 2272 Kaart van Nw. Rotterdam met een gedeelte der Nickeriekust. Met inzet: mond der rivier Corantijn			Jurriaanse en J.F.A. Cateau van Rosevelt	1872	Koloniaal Verslag			Opgenomen door de chef van het Bouwdepartement Jurriaanse en J.F.A. Cateau van Rosevelt in verband met de overstroming van de wijk Nieuw Rotterdam.  Behoort hij het rapport van 29 mei 1872 nr. 1 van de Commissie benoemd bij Gouv. Resolutie van 16 april 1872 nr. 4. Zie "Koloniaal Verslag van 1872. Suriname'. Bijlage 8 nr. 52.  Schaal 1:10.000.	1	Nationaal Archief	https://www.nationaalarchief.nl/onderzoeken/archief/4.MIKO/invnr/2272/file/NL-HaNA_4.MIKO_2272	-	https://service.archief.nl/iip/81/83/5c/4d/fd/9f/4f/66/89/05/41/6a/17/80/96/e4/ed961438-2172-4621-aaf2-f565b3cf6745.jp2/info.json
9	Paramaribo en omstreken	66 Paramaribo en omstreken			Luit. Boumeester	1907				Opgenomen/samengesteld: Luit. Boumeester  Schaal 1:25.000	1	Nationaal Archief	https://www.nationaalarchief.nl/onderzoeken/archief/4.HYDRO131/invnr/66/file/NL-HaNA_4.HYDRO131_66	-	https://service.archief.nl/iip/99/29/93/34/b9/23/45/39/bb/a3/85/69/20/b6/b8/38/17ca4350-4715-454d-8725-bb602e3edde5.jp2/info.json
10	Kaart van Suriname. Met inzet van Plantagen der Commewijne	2030 Kaart van Suriname. Met inzet van Plantagen der Commewijne				ca. 1911	Geograph. Anstalt von Wagner & Debes	Leipzig		Uitgave van Geograph. Anstalt von Wagner & Debes, Leipzig.  Kaart bevat missiegebied van evangelische zending en posten waar vanuit men opereerde.  Papier op linnen vastgezet  Schaal 1:1.040.000. Inzet schaal 1:390.000	1	Nationaal Archief	https://www.nationaalarchief.nl/onderzoeken/archief/4.MIKO/invnr/2030/file/NL-HaNA_4.MIKO_2030	-	https://service.archief.nl/iip/75/45/30/ce/54/d1/4f/0f/98/40/d4/1d/22/48/85/34/41278280-bba8-4113-8637-782bfbe4bfed.jp2/info.json
11	Kaart van Suriname	635 Blad III. Suriname. (gekleurd) - 635-635B Kaart van de kolonie Suriname, een gedeelte van Guyana, Nederlandsche bezitting op het vasteland van Zuid-America. Met inzet van Paramaribo			Jhr. C.A. van Sijpesteijn	1849	Gebroeders van Cleef			635-635B Kaart van de kolonie Suriname, een gedeelte van Guyana, Nederlandsche bezitting op het vasteland van Zuid-America. Met inzet van Paramaribo 1850 3 bladen Oorspronkelijke kaart uitgegeven in 1784 door ingenieur J.C. Heneman. Herzien en verbeterd naar huidige situatie van de kolonie met daarop alle plantagenamen door Jhr. C.A. van Sijpesteijn in 1849. Gedrukt door de Gebroeders van Cleef, Den Haag, Amsterdam. Litho.  De gehele kaart bestaat uit 4 opgeplakte deelbladen. Van deelblad III (blad Suriname) is een manuscript aanwezig.  Schaal 1:194.000.	1	Nationaal Archief	https://www.nationaalarchief.nl/onderzoeken/archief/4.MIKO/invnr/635/file/NL-HaNA_4.MIKO_635	-	https://service.archief.nl/iip/57/b8/55/09/1e/80/45/3a/a7/3b/2a/8e/eb/86/23/7f/99702373-357f-4d06-9a9c-5accda01c552.jp2/info.json
12	Kaart van Suriname	6050 Kaart van Suriname			H. N. Dahlberg	ca. 1950	Topografische Dienst			Getekend door H.N. Dahlberg. Uitgave van de Topografische Dienst.  Schaal 1:1.000.000.	1	Nationaal Archief	https://www.nationaalarchief.nl/onderzoeken/archief/4.MIKO/invnr/6050/file/NL-HaNA_4.MIKO_6050	-	https://service.archief.nl/iip/57/8e/21/21/80/08/4a/8a/ae/20/30/b8/df/72/c4/bb/67e6a4a3-739c-43e6-9361-e756fb2f8fb1.jp2/info.json
13	Plattegrond van Paramaribo	6009 Plattegrond van Paramaribo				ca. 1955	N. V. Varekamp & Co.			Uitgave van N. V. Varekamp & Co., Paramaribo.  Schaal 1:10.000.	1	Nationaal Archief	https://www.nationaalarchief.nl/onderzoeken/archief/4.MIKO/invnr/6009/file/NL-HaNA_4.MIKO_6009	-	https://service.archief.nl/iip/bf/d8/10/95/41/d2/4b/56/8c/ca/0b/d2/04/4e/28/24/2fb075e6-3247-4f26-acf4-b91b1a6220f8.jp2/info.json
14	Le Plantage Voorborg à l'Est de la Riviere Surinam etc.	1793 Le Plantage Voorborg à l'Est de la Riviere Surinam etc.								Met uitvoerige aanwijzinge.  Schaal van 30 Kettingen à 66 Rijnlandse voeten = 180 strepen.	1	Nationaal Archief	https://www.nationaalarchief.nl/onderzoeken/archief/4.VEL/invnr/1793/file/NL-HaNA_4.VEL_1793	-	https://service.archief.nl/iip/3e/9e/e2/3f/1b/a7/40/e5/b3/e1/6e/13/1e/7e/96/6f/a9d059e0-4ed0-4d4e-933c-971b94e01cb7.jp2/info.json
15	6108 - Surinaamse Waterleiding Mij. Met kavelnummers getekend op de plattegrond van Paramaribo	6108 Surinaamse Waterleiding Mij. Met kavelnummers getekend op de plattegrond van Paramaribo		CC0		1937-1947				Met de hand ingekleurd. Lichtdruk.  Schaal 1:2.500.	1	Nationaal Archief	https://www.nationaalarchief.nl/onderzoeken/archief/4.MIKO/invnr/6108/file/NL-HaNA_4.MIKO_6108	-	https://service.archief.nl/iip/6f/1c/2c/92/a8/89/40/4c/9a/a0/89/97/e3/50/a3/4f/68dd39df-05dc-4bbc-9946-38f495a0fbf4.jp2/info.json
16	Generale caart van de provintie Suriname	Generale caart van de provintie Suriname :, rivieren & districten met alle d ondekkingen van van [sic] militaire togten mitsgaders de groote der gemeetene plantagien gecarteert op de naauwkeurigste waarnemingen /, [Alexander de Lavaux].	Generale Caart van de Provintie Suriname :, Rivieren & Districten Met Alle D Ondekkingen van van [Sic] Militaire Togten Mitsgaders de Groote Der Gemeetene Plantagien Gecarteert Op de Naauwkeurigste Waarnemingen /, [Alexander de Lavaux]. [Amsterdam] :, [s.n.], 1737.		Alexander de Lavaux	1737	[Amsterdam] :, [s.n.],					UB Amsterdam	https://hdl.handle.net/11245/3.38593	https://uvaerfgoed.nl/viewer/api/v1/records/11245_3_38593/manifest/	https://images.uba.uva.nl/iiif/2/erfgoed!surinamica!2!8!2!990009612820205131!SURI01_Kaartenzl-33-24-66.jpg/info.json
17	A chart of the coast of Guyana					1767						UB Amsterdam	https://hdl.handle.net/11245/3.38566	https://uvaerfgoed.nl/viewer/api/v1/records/11245_3_38566/manifest/	https://images.uba.uva.nl/iiif/2/erfgoed!surinamica!8!4!3!990010143480205131!SURI01_Kaartenzl-101-12-12.jpg/info.json
18	Kaart van geheel Guajana of de Wilden-kust	Kaart van geheel Guajana of de Wilden-kust, en die der Spaansche Westindiën, op het Noord-end van Zuid Amerika	Kaart van Geheel Guajana of de Wilden-Kust, En Die Der Spaansche Westindiën, Op Het Noord-End van Zuid Amerika. Te Amsterdam, by Is. Tirion, 1767.			1767	Is. Tirion Tirion, Isaak 	Te Amsterdam, by Is. Tirion Tirion, Isaak Amsterdam (1729-1766)			1	UB Amsterdam	https://hdl.handle.net/11245/3.38584	https://uvaerfgoed.nl/viewer/api/v1/records/11245_3_38584/manifest/	https://images.uba.uva.nl/iiif/2/erfgoed!surinamica!5!0!4!990009804050205131!SURI01_Kaartenzl-104-07-21.jpg/info.json
19	Algemeene kaart van de Colonie of Provintie van Suriname	Algemeene kaart van de Colonie of Provintie van Suriname :, met de rivieren, districten, ontdekkingen door Militaire Togten en de Grootte der gemeeten plantagien /, door last, op kosten en met approbatie der E.E. Heeren Directeurs van de Societeit, naar de naaukeurigste waarnemingen door den Ingenieur A. de Lavaux en andere getekent ; in 't koper gebragt door Hendrik de Leth.	Algemeene Kaart van de Colonie of Provintie van Suriname :, Met de Rivieren, Districten, Ontdekkingen Door Militaire Togten En de Grootte Der Gemeeten Plantagien /, Door Last, Op Kosten En Met Approbatie Der E.E. Heeren Directeurs van de Societeit, Naar de Naaukeurigste Waarnemingen Door Den Ingenieur A. de Lavaux En Andere Getekent ; in ’T Koper Gebragt Door Hendrik de Leth. [Amsterdam] :, Petrus Schenk en Zoon, 1770.		Alexander de Lavaux, Hendrik de Leth	1770	Petrus Schenk en Zoon	Amsterdam			2	UB Amsterdam	https://hdl.handle.net/11245/3.38626	https://uvaerfgoed.nl/viewer/api/v1/records/11245_3_38626/manifest/	https://images.uba.uva.nl/iiif/2/erfgoed!surinamica!7!2!0!990009570270205131!SURI01_Kaartenzl-105-13-02-03_001.jpg/info.json
20	Plattegrond der Plantage Adrichem		Plattegrond Der Plantage Adrichem. 1775.			ca. 1775					1	UB Amsterdam	https://hdl.handle.net/11245/3.38568	https://uvaerfgoed.nl/viewer/api/v1/records/11245_3_38568/manifest/	https://images.uba.uva.nl/iiif/2/erfgoed!surinamica!9!8!6!990010106890205131!SURI01_Kaartenzl-101-12-14.jpg/info.json	https://annotations.allmaps.org/maps/0197ada30b980807
21	Nieuwe specialkaart van de colonie Suriname [...]	Nieuwe specialkaart van de colonie Suriname :, met de tot culture gebragt zĳnde landen en plantagien : eerbiedigst opgedragen aan alle geinteresseerdens op en ingezetenen der gemelde colonie, door I.H. Moseberg, landm. in voornoemde colonie	Nieuwe Specialkaart van de Colonie Suriname :, Met de Tot Culture Gebragt Zĳnde Landen En Plantagien : Eerbiedigst Opgedragen Aan Alle Geinteresseerdens Op En Ingezetenen Der Gemelde Colonie, Door I.H. Moseberg, Landm. In Voornoemde Colonie. [S.l., s.n.], 1801.		J. H. Moseberg	1801		[S.l., s.n.]			4	UB Amsterdam	https://hdl.handle.net/11245/3.38625	https://uvaerfgoed.nl/viewer/api/v1/records/11245_3_38625/manifest/	https://images.uba.uva.nl/iiif/2/erfgoed!surinamica!9!1!9!990006509190205131!SURI01_Kaartenzl-101-12-15-A-D_001.jpg/info.json	https://annotations.allmaps.org/maps/3fba2200df3c3238
22	Platte grond van de stad Paramaribo	Platte grond van de stad Paramaribo :, zoo verre als dezelve tot het jaar 1804 door het Gouvernement aldaar is opgestelt /, geteekend door A.H. Hiemcke ; J.G. Visser sculp. Amst.m.	Platte Grond van de Stad Paramaribo :, Zoo Verre Als Dezelve Tot Het Jaar 1804 Door Het Gouvernement Aldaar Is Opgestelt /, Geteekend Door A.H. Hiemcke ; J.G. Visser Sculp. Amst.M. 1804.		A. H. Hiemcke, J. G. Visser	1804					1	UB Amsterdam	https://hdl.handle.net/11245/3.1212	https://uvaerfgoed.nl/viewer/api/v1/records/11245_3_1212/manifest/	https://images.uba.uva.nl/iiif/2/erfgoed!kaarten!0!9!0!990009780900205131!61-35-17.jpg/info.json
23	Carte de la Guiane Française & Hollandaise		Carte de La Guiane Française & Hollandaise. 1800.			1805				tussen 1792 en 1805	1	UB Amsterdam	https://hdl.handle.net/11245/3.38589	https://uvaerfgoed.nl/viewer/api/v1/records/11245_3_38589/manifest/	https://images.uba.uva.nl/iiif/2/erfgoed!surinamica!6!2!2!990009572260205131!SURI01_Kaartenzl-104-08-03.jpg/info.json
24	Kaart van het bebouwde gedeelte van Surinamen [...]	Kaart van het bebouwde gedeelte van Surinamen, gegraveerd door C. van Baarsel en Zoon	Kaart van Het Bebouwde Gedeelte van Surinamen, Gegraveerd Door C. van Baarsel En Zoon. [’s-Gravenhage], Amsterdam, [Gebroeders Van Cleef], 1817.		J. van den Bosch, C. van Baarsel en Zoon	1817	Gebroeders Van Cleef	['s-Gravenhage], Amsterdam, [Gebroeders Van Cleef] Cleef, Gebroeders van 's-Gravenhage ; Amsterdam (1807-1870)			1	UB Amsterdam	https://hdl.handle.net/11245/3.38598	https://uvaerfgoed.nl/viewer/api/v1/records/11245_3_38598/manifest/	https://images.uba.uva.nl/iiif/2/erfgoed!surinamica!8!4!1!990009591480205131!SURI01_Kaartenzl-108-04-07.jpg/info.json
25	Generale kaart der kolonie Suriname	Generale kaart der kolonie Suriname :, hoofdzakelijk voorstellende de tegenwoordige bebouwing dier kolonie /, vervaardigd naar vroegere en eigene opmetingen tot het jaar 1832 door den eersten luitenant der artillerie en geadmitteerden landmeter in voornoemde kolonie Mabé ; Dl. Veelwaard en Zoon sculpt. 1835.	Generale Kaart Der Kolonie Suriname :, Hoofdzakelijk Voorstellende de Tegenwoordige Bebouwing Dier Kolonie /, Vervaardigd Naar Vroegere En Eigene Opmetingen Tot Het Jaar 1832 Door Den Eersten Luitenant Der Artillerie En Geadmitteerden Landmeter in Voornoemde Kolonie Mabé ; Dl. Veelwaard En Zoon Sculpt. 1835. [Groningen] :, [H. Eekhoff Hz.], 1835.		Mabé. Teenstra, Dl. Veelwaard en Zoon. Eekhoff Hz., Harmannus. 	1835	[Groningen] :, [H. Eekhoff Hz.], Eekhoff Hz., Harmannus Groningen (1799-1849)				1	UB Amsterdam	https://hdl.handle.net/11245/3.38606	https://uvaerfgoed.nl/viewer/api/v1/records/11245_3_38606/manifest/	https://images.uba.uva.nl/iiif/2/erfgoed!surinamica!2!8!2!990009612820205131!SURI01_Kaartenzl-33-24-66.jpg/info.json
26	Plan of Paramaribo	Plan of Paramaribo (Capital) /, drawn by J. Bartholomew Junr. F.R.G.S. ; engraved by J. Bartholomew.	Plan of Paramaribo (Capital) /, Drawn by J. Bartholomew Junr. F.R.G.S. ; Engraved by J. Bartholomew. London :, A. Fullarton & Co., 1845.		J. Junr. Bartholomew	1845	A. Fullarton & Co.	London :, A. Fullarton & Co.,			1	UB Amsterdam	https://hdl.handle.net/11245/3.38617	https://uvaerfgoed.nl/viewer/api/v1/records/11245_3_38617/manifest/	https://images.uba.uva.nl/iiif/2/erfgoed!surinamica!1!0!0!990009850010205131!SURI01_Kaartenzl-104-07-31.jpg/info.json
27	Figuratieve plattegrond der stad Paramaribo	Figuratieve plattegrond der stad Paramaribo (kolonie Suriname, Zuid-Amerika) /, door A.J. Meyer, ambtenaar bij de belastingen.	Figuratieve Plattegrond Der Stad Paramaribo (Kolonie Suriname, Zuid-Amerika) /, Door A.J. Meyer, Ambtenaar Bij de Belastingen. Paramaribo :, Meyer, 1885.		A.J. Meyer	1885	Paramaribo :, Meyer, (Amsterdam :, Faddegon)				9	UB Amsterdam	https://hdl.handle.net/11245/3.39624	https://uvaerfgoed.nl/viewer/api/v1/records/11245_3_39624/manifest/	https://images.uba.uva.nl/iiif/2/default!1!3!1!990006520920205131!hb-kzl-108-03-21-1.jpg/info.json
28	Suriname	Suriname /, geogr. lit. v. E. de Geest.	Suriname /, Geogr. Lit. V. E. De Geest. Amsterdam :, Seyffardt’s Boekhandel, 1900.		Evert de Geest	1900	Seyffardt's Boekhandel	Amsterdam			1	UB Amsterdam	https://hdl.handle.net/11245/3.38612	https://uvaerfgoed.nl/viewer/api/v1/records/11245_3_38612/manifest/	https://images.uba.uva.nl/iiif/2/erfgoed!surinamica!2!0!0!990009640020205131!SURI01_Kaartenzl-63-07-08.jpg/info.json
29	Schetskaart aangevende de in verschillende tractaten en uitspraken vastgestelde grenzen der 3 Guyana's	Schetskaart aangevende de in verschillende tractaten en uitspraken vastgestelde grenzen der 3 Guyana's en de uitkomsten van de aardrijkskundige onderzoekingen.	Schetskaart Aangevende de in Verschillende Tractaten En Uitspraken Vastgestelde Grenzen Der 3 Guyana’s En de Uitkomsten van de Aardrijkskundige Onderzoekingen. (Den Haag :, J. Smulders & Co.), 1908.		J. Smulders & Co.	1908	J. Smulders & Co.	Den Haag			1	UB Amsterdam	https://hdl.handle.net/11245/3.38603	https://uvaerfgoed.nl/viewer/api/v1/records/11245_3_38603/manifest/	https://images.uba.uva.nl/iiif/2/erfgoed!surinamica!6!1!4!990009794160205131!SURI01_Kaartenzl-30-29-48.jpg/info.json
30	Nieuwe Kaart van Suriname	Nieuwe Kaart van Suriname :, vertonende de stromen en land-streken van Suriname, Comowini, Cottica, en Marawini, gelegen in Zuid America op de kusten van Caribana. 6 gr. benoorden de Linie Equinoct. met naauwkeurige aanwijzinge van alle de steden, sterktens en plantagien mitsgaders de diepte der stromen en banken volgens de nieuwste waarnemingen.	Nieuwe Kaart van Suriname :, Vertonende de Stromen En Land-Streken van Suriname, Comowini, Cottica, En Marawini, Gelegen in Zuid America Op de Kusten van Caribana. 6 Gr. Benoorden de Linie Equinoct. Met Naauwkeurige Aanwijzinge van Alle de Steden, Sterktens En Plantagien Mitsgaders de Diepte Der Stromen En Banken Volgens de Nieuwste Waarnemingen. T Amsterdam :, By J. Ottens, 1718.		Joachim Ottens	1718	Joachim Ottens	T Amsterdam :, By J. Ottens, Ottens, Joachim Amsterdam (1690-1719)			1	UB Amsterdam	https://hdl.handle.net/11245/3.38608	https://uvaerfgoed.nl/viewer/api/v1/records/11245_3_38608/manifest/	https://images.uba.uva.nl/iiif/2/erfgoed!surinamica!1!0!6!990009566010205131!SURI01_Kaartenzl-33-24-69.jpg/info.json
31	Algemeene kaart van de Colonie of Provintie van Suriname	Algemeene kaart van de Colonie of Provintie van Suriname :, met de rivieren, districten, ontdekkingen door militaire togten en de grootte der gemeeten plantagien /, door last, op kosten, en met approbatie der E.E. Heeren Directeurs van de Societeit, naar de naaukeurigste waarneemingen door den Ingenieur Alexander de Lavaux geteekend.	Algemeene Kaart van de Colonie of Provintie van Suriname :, Met de Rivieren, Districten, Ontdekkingen Door Militaire Togten En de Grootte Der Gemeeten Plantagien /, Door Last, Op Kosten, En Met Approbatie Der E.E. Heeren Directeurs van de Societeit, Naar de Naaukeurigste Waarneemingen Door Den Ingenieur Alexander de Lavaux Geteekend. Te Amsterdam :, By Covens en Mortier, 1758.		Alexander de Lavaux, Johannes (I). Covens, Cornelis Mortier	1758	Te Amsterdam :, By Covens en Mortier, Covens, Johannes Amsterdam (1720-1772) Mortier, Cornelis Amsterdam (1720-1772)	Amsterdam			1	UB Amsterdam	https://hdl.handle.net/11245/3.38619	https://uvaerfgoed.nl/viewer/api/v1/records/11245_3_38619/manifest/	https://images.uba.uva.nl/iiif/2/erfgoed!surinamica!1!9!9!990016059910205131!SURI01_Kaartenzl-105-20-03.jpg/info.json
32	Paramaribo 1916-17 vervaardigd door den Opnemingsdienst van Suriname		Paramaribo 1916-17, Vervaardigd Door Den Opnemingsdienst van Suriname. ’s-Gravenhage, Topographische Inrichting, 1920.		Opnemingsdienst van Suriname	1920	Topographische Inrichting	s-Gravenhage, Topographische Inrichting			1	UB Amsterdam	https://hdl.handle.net/11245/3.38611	https://uvaerfgoed.nl/viewer/api/v1/records/11245_3_38611/manifest/	https://images.uba.uva.nl/iiif/2/erfgoed!surinamica!2!2!1!990006521220205131!SURI01_Kaartenzl-62-14-26.jpg/info.json	https://annotations.allmaps.org/maps/a8b80690c8e2e4cb	https://annotations.allmaps.org/maps/5f85ef4e29065511
33	Paskaert van de rivieren van Suriname en Commewyne	Paskaert van de rivieren van Suriname en Commewyne met verschyde creken uyt de selve spruytende als Para, Surinoo en Cotteca ende ander meer gelyck die nu tegenwoordich bewoont werde		https://creativecommons.org/publicdomain/mark/1.0/	Hendrik Doncker	1688	Hendrik Doncker	Amsterdam : Doncker, [1678]	Dutch	Gegevens verzameld over de periode/Data collected over the period: 1678.	1	UB Leiden	http://hdl.handle.net/1887.1/item:1995551	https://digitalcollections.universiteitleiden.nl/iiif_manifest/item%3A1995551/manifest	https://digitalcollections.universiteitleiden.nl/iiif/2/item%3A1995551%7EJP2%7E8dd2333220d541fb607882acdea8079bdf8126722ecf233e0801676e152f37cb%7Edigitalc/info.json
34	Paskaert van de rivieren van Suriname en Commewyne	Paskaert van de rivieren van Suriname en Commewyne met verschyde creken uyt de selve spruytende als Para, Surinoo en Cotteca ende ander meer gelyck die nu tegenwoordich bewoont werde		https://creativecommons.org/publicdomain/mark/1.0/	Hendrik Doncker	1688	Hendrik Doncker	Amsterdam : Doncker, [approximately1688]	Dutch		1	UB Leiden	http://hdl.handle.net/1887.1/item:2013782	https://digitalcollections.universiteitleiden.nl/iiif_manifest/item%3A2013782/manifest	https://digitalcollections.universiteitleiden.nl/iiif/2/item%3A2013782%7EJP2%7E013d6a32760bce51f5435ca9ac7e36ea06b7a9623d30c3d7893a0fcc36348b29%7Edigitalc/info.json
35	Caerte van de rivieren van Suriname en Commowine	Caerte van de rivieren van Suriname en Commowine met der selver uytstroomende creecken, met alle de landen soo verre de selve bewoonde worden COLLBN 006-11-009  		https://creativecommons.org/publicdomain/mark/1.0/	Frederick de Wit	1688			Dutch	Under the title: De Rivier van Suriname is geleegen in Zuydt America in de Provincie van Guyana op de breedte van 6. graeden. Scale bar: twee hondert kettengen yder van 5 1/2 Roede Rynlants.	1	UB Leiden	http://hdl.handle.net/1887.1/item:2481433	https://digitalcollections.universiteitleiden.nl/iiif_manifest/item%3A2481433/manifest	https://digitalcollections.universiteitleiden.nl/iiif/2/item%3A2481433%7EJP2%7E98c14b1378bc0efc293e278af0ec934950acb8841e630f6befe54dfcf6596007%7Edigitalc/info.json
36	De kusten van Suraname van Marawini tot de Barbice	De kusten van Suraname van Marawini tot de Barbice vertoonende de nette en ware distantie der riviere COLLBN 003-08-028		https://creativecommons.org/publicdomain/mark/1.0/	Gerard van Keulen	1717	G. van Keulen aen de Nieuwen Brugh	tot Amsterdam : bij G. van Keulen aen de Nieuwen Brugh, 1717. 	Dutch	l. en r.o. gemerkt: Origineele.  In collection: [Collectie Van Keulen. verzameling van 330 getekende zeekaarten van de Atlantische Oceaan, de kusten van Europa, de Middellandse Zee, de kusten van West-Afrika, de kusten van Amerika en de Grote Oceaan	1	UB Leiden	http://hdl.handle.net/1887.1/item:130167	https://digitalcollections.universiteitleiden.nl/iiif_manifest/item%3A130167/manifest	https://digitalcollections.universiteitleiden.nl/iiif/2/item%3A130167%7EJP2%7Eec1f0dcd8c90701a3c39901f7d1d79658c741b0df139a7546446713623aab766%7Edigitalc/info.json
37	Land kaart van de land streeken Cottica Comowini en Suriname			https://creativecommons.org/publicdomain/mark/1.0/	A. Maars	1718			Dutch	Beschryvinge van de volk-plantinge Zuriname : vertonende de opkomst dier zelver colonie, de aanbouw en bewerkinge der zuiker-plantagien. Neffens den aard der eigene natuurlĳke inwoonders of Indianen; als ook de slaafsche Afrikaansche Mooren; deze beide natien haar levens-manieren, afgoden-dienst, regering, zeden ... / Door J.D. Hl. [J.D. Herlein], 1718	1	UB Leiden	http://hdl.handle.net/1887.1/item:2013482	https://digitalcollections.universiteitleiden.nl/iiif_manifest/item%3A2013482/manifest	https://digitalcollections.universiteitleiden.nl/iiif/2/item%3A2013482%7EJP2%7E6de9bc237bf55033e00be862006c95713067ce56f232f93d65828e9a4e3bb890%7Edigitalc/info.json
38	Pas-kaart vande rivieren Commewini, Suriname, Suramaca, Cupanama en Courantin	Pas-kaart vande rivieren Commewini, Suriname, Suramaca, Cupanama en Courantin vertoonende alle desselfs plantagie en wie deselve bezitten alles opt naukeurigste opgestelt			Gerard van Keulen	1728	Gerard van Keulen	Tot Amsterdam : by Gerard van Keulen, [ca. 1728]	Undetermined	Met Previlegie. Inzet: "Afteekening van 't inkomen van de rivier van Suriname int groot. Met 2 schaalstokken (Duytsche Mylen, Engelse en France Mylen.	1	UB Leiden	http://hdl.handle.net/1887.1/item:2013394	https://digitalcollections.universiteitleiden.nl/iiif_manifest/item%3A2013394/manifest	https://digitalcollections.universiteitleiden.nl/iiif/2/item%3A2013394%7EJP2%7Ec233c572561c29137b39eb5845761bb2cdc77695aab7b5d87d780f8f66cd8c85%7Edigitalc/info.json
39	Pas-kaart vande rivieren Commewini, Suriname, Suramaca, Cupanama en Courantin	Pas-kaart vande rivieren Commewini, Suriname, Suramaca, Cupanama en Courantin vertoonende alle desselfs plantagie en wie deselve bezitten alles opt naukeurigste opgestelt			Gerard van Keulen	1728	Gerard van Keulen	Tot Amsterdam : by Gerard van Keulen, [circa 1728]	Undetermined	Met Previlegie. Inzet: "Afteekening van 't inkomen van de rivier van Suriname int groot. Met 2 schaalstokken (Duytsche Mylen, Engelse en France Mylen.	1	UB Leiden	http://hdl.handle.net/1887.1/item:53096	https://digitalcollections.universiteitleiden.nl/iiif_manifest/item%3A53096/manifest	https://digitalcollections.universiteitleiden.nl/iiif/2/item%3A53096%7EJP2%7Ee7ff1726a95bf7d3a92807f46c3bc38b14fe4cf4c2cb0bd02e754a31345753a3%7Edigitalc/info.json
40	Afteekening van de Rivier Courantin	Afteekening van de Rivier Courantin. Aen de kust van Gujana. Leggende 32 Myl van Suriname en 7 1/2 Myl van Rio Barbice tussen byde 		https://creativecommons.org/publicdomain/mark/1.0/	Gerard van Keulen	1734			Dutch	Jona: The creator is said to have lived from 1678-1726, and the map was then published quite some time later, in 1734, so the map must have been already created some time before that.	1	UB Leiden	http://hdl.handle.net/1887.1/item:2013602	https://digitalcollections.universiteitleiden.nl/iiif_manifest/item%3A2013602/manifest	https://digitalcollections.universiteitleiden.nl/iiif/2/item%3A2013602%7EJP2%7E98134247d380d3dc29f66d3b54b2d64b7189b5133bf83d63332636434e424d37%7Edigitalc/info.json
41	Algemeene kaart van de Colonie of Provintie van Suriname	Algemeene kaart van de Colonie of Provintie van Suriname met de rivieren, districten, ontdekkingen door militaire togten en de grootte der gemeeten plantagien / COLLBN 006-11-010		https://creativecommons.org/publicdomain/mark/1.0/	Alexander de Lavaux. Hendrik de Leth	1758			Dutch	2 scale bars: Schaal van 1500 Kettingen a 66 voeten Rhynlands, en: Schaal van Agt Surinaamsche Mylen. 	1	UB Leiden	http://hdl.handle.net/1887.1/item:2481434	https://digitalcollections.universiteitleiden.nl/iiif_manifest/item%3A2481434/manifest	https://digitalcollections.universiteitleiden.nl/iiif/2/item%3A2481434%7EJP2%7E5c1c31868fce8d9e174010416bd1ee24ccb3536e0a37da954193a77e13a3c01d%7Edigitalc/info.json
42	Algemeene kaart van de Colonie of Provintie van Suriname	Algemeene kaart van de Colonie of Provintie van Suriname met de rivieren, districten, ontdekkingen door militaire togten en de grootte der gemeeten plantagien COLLBN 006-11-019		https://creativecommons.org/publicdomain/mark/1.0/	Alexander de Lavaux, Johannes (I). Covens, Cornelis Mortier	1758			Dutch	Inset: 1. [Kaart van de Guyana's] ; 2. Plan van de stad Paramaribo. 2 scale bars: Schaal van 1500 Kettingen a 66 voeten Rhynlands, and: Schaal van Agt Surinaamsche Mylen.	1	UB Leiden	http://hdl.handle.net/1887.1/item:3618828	https://digitalcollections.universiteitleiden.nl/iiif_manifest/item%3A3618828/manifest	https://digitalcollections.universiteitleiden.nl/iiif/2/item%3A3618828%7EJP2%7Ea6c38b2e28cb990b5e1fb3c834a1054db16c013b5bb0052f4efb7816c66a56fc%7Edigitalc/info.json
43	Landkaart van de Volkplantingen Suriname en Berbice			https://creativecommons.org/publicdomain/mark/1.0/		1758-1767	Isaak Tirion	[Amsterdam : Isaak Tirion], [tussen 1758-1767]	Dutch	Met schaalstok: "Zeemylen of uuren gaans van twintig in een graad" en: "Surinaamse mylen van elfhonderd Rynl. roeden"  Reference: Koeman, Bibliography printed maps Suriname, numbers 15; Koeman, Atlantes Neerlandici, deel 3,  Inzet: Ook in: Plan van de Stad Paramaribo (schaal [circa 1:15.000]; 14 x 18,5 cm) Hedendaagsche Historie of Tegenwoordige staat van Amerika	2	UB Leiden	http://hdl.handle.net/1887.1/item:52940	https://digitalcollections.universiteitleiden.nl/iiif_manifest/item%3A53021/manifest	https://digitalcollections.universiteitleiden.nl/iiif/2/item%3A52940%7EJP2%7E4dbdb4bed3eca1b8a07f6743bda04ddaa5dd51adfe8854735cf5bd5be6653738%7Edigitalc/info.json
44	Carte de la colonie de Surinam	Carte de la colonie de Surinam située dans l'Amérique Méridionale en terre ferme à six degrés de latitude septentrionale & à dixneuf degrés quinze minutes de longitude, avec toutes les rivières, criques &c			Alexander de Lavaux	1769	E. van Harrevelt	[Amsterdam : E. van Harrevelt], [1769]	French	Onder de titel: Sur la quelle on a numeroté toutes les habitations & leurs noms, comme on les trouvera dans la Liste Générale, qui suit immédiatement la dite carte: la quelle à été dressée d'après celle que messieurs de la Société de Surinam ont fait faire dans le pays.	1	UB Leiden	http://hdl.handle.net/1887.1/item:815664	https://digitalcollections.universiteitleiden.nl/iiif_manifest/item%3A815664/manifest	https://digitalcollections.universiteitleiden.nl/iiif/2/item%3A815664%7EJP2%7E0c7e7ca03e97fc013b858db0abb9d9dafc7734b29afd97dd6d1734d3317a9aa3%7Edigitalc/info.json
45	Caart van Suriname			https://creativecommons.org/publicdomain/mark/1.0/		1770			Dutch	Beschryving van Guiana, of de Wilde Kust, in Zuid-America, betreffende de aardrykskunde en historie des lands ... de bezittingen der Spanjaarden, Franschen en Portugeezen en voornaamelyk de volkplantingen der Nederlanderen, als Essequebo, Demerary, Berbice, Suriname, en derzelver rivieren, met de noodige kaarten en afbeeldingen der forten : waarby komt eene verhandeling over den aart en de gewoontes der neger-slaaven / alles uit echte stukken opgesteld door mr. Jan Jacob Hartsinck. - Te Amsterdam : by Gerrit Tielenburg, 1770. - Dl. II	1	UB Leiden	http://hdl.handle.net/1887.1/item:2013765	https://digitalcollections.universiteitleiden.nl/iiif_manifest/item%3A2013765/manifest	https://digitalcollections.universiteitleiden.nl/iiif/2/item%3A2013765%7EJP2%7E2710275c50f2f34fa9d548a9ceaf2d6dda77eb0024778515f5a8c7f11c91f72d%7Edigitalc/info.json
46	Plan de la ville de Paramaribo et de ses environs	Plan de la ville de Paramaribo et de ses environs, jusqu'au terrein de la société			J. van der Schley, Marc Michel Rey	1772	Marc Michel Rey	à Amsterdam : chez Marc Michel Rey, 1772	French	Legend.	1	UB Leiden	http://hdl.handle.net/1887.1/item:2013495	https://digitalcollections.universiteitleiden.nl/iiif_manifest/item%3A2013495/manifest	https://digitalcollections.universiteitleiden.nl/iiif/2/item%3A2013495%7EJP2%7E63aae046265d5375550ab49d8222a65614fe635b41d9e5912a943a1b7f46575d%7Edigitalc/info.json
47	Kaart van de kolonie Suriname	Kaart van de kolonie Suriname, een gedeelte van Guijana, Nederlandsche bezitting op het vasteland van Zuid-Amerika 		https://creativecommons.org/publicdomain/mark/1.0/	Ministerie van Oorlog ('s-Gravenhage), Topographisch Bureau, J. C. Heneman	1784	Gebroeders van Cleef	s-Gravenhage ; Gebroeders van Cleef, 1850 (['s-Gravenhage] : Topographisch Bureau van het Ministerie van Oorlog) 	Dutch	Schalen: Geographische of Duitsche mijlen van 15 op één graad; Hollandsche zee-mijlen van 20 op één graad of uren gaans; Engelsche en Fransche zee-mijlen van 60 op één graad; Kettingen ieder van 66 voeten Rijnlandsch; Nederlandsche roeden. In steen gegraveerd en gedrukt op het Top. Bureau van het Minches van Oorlog 1850. Legenda.  Reference Koeman, Bibliography printed maps Suriname, numbers 50  Inzet: Plan van Paramaribo, hoofdstad van Suriname (schaal [circa 1:13.500]; 19,5 x 27,5 cm)	9	UB Leiden	http://hdl.handle.net/1887.1/item:53016	https://digitalcollections.universiteitleiden.nl/iiif_manifest/item%3A53016/manifest	https://digitalcollections.universiteitleiden.nl/iiif/2/item%3A52999%7EJP2%7E4b16f33763a808bfaf18473c6df889f280ba2656624039c603ce6f0861ec15d4%7Edigitalc/info.json
48	Kaart van de kust van Guayana	Kaart van de kust van Guayana strekkende van Rio Koeroea tot Rio Suriname met alle droogtens en dieptens deszelver klippen en banken		https://creativecommons.org/publicdomain/mark/1.0/	Gerard Hulst van Keulen	1785			Dutch	Gegevens verzameld over de periode/Data collected over the period: 1785. Inset; 'T inkoomen van de rivier Marowyne. - Scale [ca. 1:100.000]	1	UB Leiden	http://hdl.handle.net/1887.1/item:2010703	https://digitalcollections.universiteitleiden.nl/iiif_manifest/item%3A2010703/manifest	https://digitalcollections.universiteitleiden.nl/iiif/2/item%3A2010703%7EJP2%7Ea4e49101f06ee8bf8ca837f02779c4edb54d32394594bf1c89779b43d8c27da3%7Edigitalc/info.json
49	Nieuwe special kaart van de colonie Suriname met de tot culture gebragt zijnde landen en plantagien	Nieuwe special kaart van de colonie Suriname met de tot culture gebragt zijnde landen en plantagien eerbiedigst opgedragen aan het Committe van de Bataafsche bezittingen in America en op de kust van Africa / COLLBN 053-15			J. H. Moseberg	1795-1799		Amsterdam : s.n., tussen 1795 en 1799]	Dutch	Lit.: C. Koeman, Bibliography of printed maps of Suriname 1671-1971 (Amsterdam 1973) vermeldt onder nr. 33 een latere editie uit 1801.	1	UB Leiden	http://hdl.handle.net/1887.1/item:3633336	https://digitalcollections.universiteitleiden.nl/iiif_manifest/item%3A3633336/manifest	https://digitalcollections.universiteitleiden.nl/iiif/2/item%3A3633336%7EJP2%7E0029bb77f30f1a74a532e9c7a97e2e958406bce9673a72fd140a0dbc8d1c2684%7Edigitalc/info.json
50	Kaart van Surinamen			https://creativecommons.org/publicdomain/mark/1.0/	John Gabriel Stedman	1800		[approximately 1800]			1	UB Leiden	http://hdl.handle.net/1887.1/item:2013296	https://digitalcollections.universiteitleiden.nl/iiif_manifest/item%3A2013296/manifest	https://digitalcollections.universiteitleiden.nl/iiif/2/item%3A2013296%7EJP2%7E74404b62aa741109bb9510b251ea50dcce5fe752b33d0433d7e952454f0478e5%7Edigitalc/info.json
51	A chart of the colony of Surinam	A chart of the colony of Surinam, on the coast of Guyana 		https://creativecommons.org/publicdomain/mark/1.0/	Robert Wilkinson	1800		Lewisham : C.G. Player ; 1800 	English		5	UB Leiden	http://hdl.handle.net/1887.1/item:52893	https://digitalcollections.universiteitleiden.nl/iiif_manifest/item%3A53030/manifest	https://digitalcollections.universiteitleiden.nl/iiif/2/item%3A52893%7EJP2%7E69d4e02b8f0e18b192ad3061e8a5e30ed0b5d860f931059856d765de8c963454%7Edigitalc/info.json
52	Nieuwe specialkaart van de colonie Suriname	Nieuwe specialkaart van de colonie Suriname met de tot culture gebragt zijnde landen en plantagien : eerbiedigst opgedragen aan alle geinteresseerdens op en ingezetenen der gemelde colonie		https://creativecommons.org/publicdomain/mark/1.0/	J. H. Moseberg	1801		[S.l. : s.n.], 1801	Dutch	Met namen en bijzonderheden der plantages.  Reference: Koeman, Bibliography printed maps Suriname, no. 33 [2e dr.]  Inzet: [Plattegrond van de stad Paramaribo en de voorstad Zeelandia] (39,5 x 31 cm)	1	UB Leiden	http://hdl.handle.net/1887.1/item:815168	-	https://digitalcollections.universiteitleiden.nl/iiif/2/item%3A815168%7EJP2%7E1b69858765bd35b3f9f6322931c378c2b6094d2e8d8a8b27fc59f73cd8a9d762%7Edigitalc/info.json
53	Platte grond van de stad Paramaribo	Platte grond van de stad Paramaribo zoo verre als dezelve tot het jaar 1804 door het Gouvernement aldaar is opgestelt		https://creativecommons.org/publicdomain/mark/1.0/	A. H. Hiemcke	1804		[Amsterdam], [1804]	Dutch	Met toelichting.  Reference: Koeman, Bibliography printed maps Suriname, numbers 231	1	UB Leiden	http://hdl.handle.net/1887.1/item:53112	https://digitalcollections.universiteitleiden.nl/iiif_manifest/item%3A53112/manifest	https://digitalcollections.universiteitleiden.nl/iiif/2/item%3A53112%7EJP2%7E19eaa8687d671d7a00cff5ea4dae5d31a5377c1dcb7def6ce6ab4766b1cbb564%7Edigitalc/info.json
54	Colonie Surinaame	Colonie Surinaame Deze Denerale kaart der voormelde colonie COLLBN 053-51		https://creativecommons.org/publicdomain/mark/1.0/	Helmuth Hendrik Hiemcke	1830			Dutch	With a legend: “Mijlen-Wijzer”. With an inset (24 x 27.5 cm): “Plan der stad Paramaribo”. With 1 bar scale: Schaal van 50 Kettingen Rhijnlant maa't 50 = 7.1 cm. With a compass rose in the middle of the map. The north of the map is at the bottom. With several remarks.	9	UB Leiden	http://hdl.handle.net/1887.1/item:3753552	https://digitalcollections.universiteitleiden.nl/iiif_manifest/item%3A3753552/manifest	https://digitalcollections.universiteitleiden.nl/iiif/2/item%3A3753541%7EJP2%7E2947a1ec9670022ef7f2ae63aa97cbee79ee1f9c898b065ef77ff631fb897b72%7Edigitalc/info.json
55	Colonie Surinaame	Colonie Surinaame Deze Denerale kaart der voormelde colonie COLLBN 053-52		https://creativecommons.org/publicdomain/mark/1.0/		1830			Dutch	With a legend: “Mijlen-Wijzer”. With an inset (24 x 27.5 cm): “Plan der stad Paramaribo”. With 1 bar scale: Schaal van 50 Kettingen Rhijnlant maa't 50 = 7.1 cm. With a compass rose in the middle of the map. The north of the map is at the bottom. With several remarks.	9	UB Leiden	http://hdl.handle.net/1887.1/item:3753541	https://digitalcollections.universiteitleiden.nl/iiif_manifest/item%3A3753552/manifest	https://digitalcollections.universiteitleiden.nl/iiif/2/item%3A3753541%7EJP2%7E2947a1ec9670022ef7f2ae63aa97cbee79ee1f9c898b065ef77ff631fb897b72%7Edigitalc/info.json
56	Generale kaart der kolonie Suriname (oost)	Generale kaart der Kolonie Suriname hoofdzakelijk voorstellende de tegenwoordige bebouwing dier kolonie		https://creativecommons.org/publicdomain/mark/1.0/	Mabé Teenstra	1832		[Place of publication not identified] : Dl. Veelwaard en Zoon sculpt, 1835	Dutch	Gegevens verzameld over de periode/Data collected over the period: 1832. De nummers in de de plantages worden nader beschreven in het bijbehorende boek.  In: De landbouw in de kolonie Suriname : voorafgegaan door eenegeschied- en natuurkundige beschouwing dier kolonie	2	UB Leiden	http://hdl.handle.net/1887.1/item:2012483	https://digitalcollections.universiteitleiden.nl/iiif_manifest/item%3A2013193/manifest	https://digitalcollections.universiteitleiden.nl/iiif/2/item%3A2012483%7EJP2%7E1d77f9ab0ee587b9ed516f5780c80e02821b450151ce8d050b91ac9d7d79725b%7Edigitalc/info.json
57	Generale kaart der kolonie Suriname (west)	Generale kaart der kolonie Suriname hoofdzakelijk voorstellende de tegenwoordige bebouwing dier kolonie, COLLBN Port 63 N 77		https://creativecommons.org/publicdomain/mark/1.0/	Mabé Teenstra	1832			Dutch	Scale bar (Westelijk gedeelte): Schaal van 40.000 Nederlandsche ellen; (Oostelijk gedeelte): Schaal van 2.000 Kettingen a 5 1/2 Roeden Rhijnl.  Also in: M.D. Teenstra, De landbouw in de kolonie Suriname	1	UB Leiden	http://hdl.handle.net/1887.1/item:2013561	https://digitalcollections.universiteitleiden.nl/iiif_manifest/item%3A2013561/manifest	https://digitalcollections.universiteitleiden.nl/iiif/2/item%3A2013561%7EJP2%7Eb8e7208531fde2c1b051548dc8dea5cb898a51e8588fad0e2782092b00a34c64%7Edigitalc/info.json
58	Kaart van het westelijke gedeelte der kolonie Suriname	Kaart van het westelijke gedeelte der kolonie Suriname, of van het Opper en Neder-distrikt Niekerie met aanwijzing der tot heden in cultuur gebragte landen, en den binnenlandschen doortogt naar de Post Niekerie		https://creativecommons.org/publicdomain/mark/1.0/	A. M. Abrahams	1840		[Place of publication not identified], [ca.1840]	Dutch	Gegevens verzameld over de periode/Data collected over the period: 1840.  Reference: Koeman, Bibliography printed maps Suriname, no. 158	1	UB Leiden	http://hdl.handle.net/1887.1/item:1996774	https://digitalcollections.universiteitleiden.nl/iiif_manifest/item%3A1996774/manifest	https://digitalcollections.universiteitleiden.nl/iiif/2/item%3A1996774%7EJP2%7E5231f9d4cb10643a68516d05da95c26e284789e804ca149b3936a94fd776a23f%7Edigitalc/info.json
59	De kolonie Surinamen of Hollandsch Guyana			https://creativecommons.org/publicdomain/mark/1.0/		1845			Dutch		1	UB Leiden	http://hdl.handle.net/1887.1/item:2013939	https://digitalcollections.universiteitleiden.nl/iiif_manifest/item%3A2013939/manifest	https://digitalcollections.universiteitleiden.nl/iiif/2/item%3A2013939%7EJP2%7E1f26692b455557a4b1fd77ff50e7dbe5aa939cdcaaa981ff1d2a2bb7fd607d0a%7Edigitalc/info.json
60	La Guyane néerlandaise			https://creativecommons.org/publicdomain/mark/1.0/	P. Melvill van Carnbée, Désiré Heyse	1846			French	par P. Melvill de Carnbee] ; gravé par D. Heyse à la Haye.	1	UB Leiden	http://hdl.handle.net/1887.1/item:2013986	https://digitalcollections.universiteitleiden.nl/iiif_manifest/item%3A2013986/manifest	https://digitalcollections.universiteitleiden.nl/iiif/2/item%3A2013986%7EJP2%7E9faadbbc5115c225318b34168e6d4c46488ebf10fd57aff26cb76af00e19c640%7Edigitalc/info.json
61	Kaart van de kolonie Suriname	COLLBN 011-11-077/080 Blad 8  Kaart van de kolonie Suriname, een gedeelte van Guijana, Nederlandsche bezitting op het vasteland van Zuid-Amerika 		https://creativecommons.org/publicdomain/mark/1.0/	Ministerie van Oorlog ('s-Gravenhage), Topographisch Bureau, J. C. Heneman, Cornelius Ascanius van Sypesteyn	1850		s-Gravenhage ; Gebroeders van Cleef, 1850 (['s-Gravenhage] : Topographisch Bureau van het Ministerie van Oorlog)		Schalen: Geographische of Duitsche mijlen van 15 op één graad; Hollandsche zee-mijlen van 20 op één graad of uren gaans; Engelsche en Fransche zee-mijlen van 60 op één graad; Kettingen ieder van 66 voeten Rijnlandsch; Nederlandsche roeden. In steen gegraveerd en gedrukt op het Top. Bureau van het Minches van Oorlog 1850. Legenda.  Reference Koeman, Bibliography printed maps Suriname, numbers 50  Inzet: Plan van Paramaribo, hoofdstad van Suriname (schaal [circa 1:13.500]; 19,5 x 27,5 cm)  	9	UB Leiden	http://hdl.handle.net/1887.1/item:52834	https://digitalcollections.universiteitleiden.nl/iiif_manifest/item%3A53016/manifest	https://digitalcollections.universiteitleiden.nl/iiif/2/item%3A52834%7EJP2%7E33091354b2359e2586852a34eea8b59904292274ac41a14fe686632edc81dd64%7Edigitalc/info.json
62	Kaart van de kolonie Suriname, een gedeelte van Guijana [...]	Kaart van de kolonie Suriname, een gedeelte van Guijana, Nederlandsche bezitting op het vasteland van Zuid-Amerika 		https://creativecommons.org/publicdomain/mark/1.0/	Ministerie van Oorlog ('s-Gravenhage), Topographisch Bureau, J. C. Heneman, Cornelius Ascanius van Sypesteyn	1850	Gebroeders van Cleef	s-Gravenhage ; Gebroeders van Cleef, 1850 (['s-Gravenhage] : Topographisch Bureau van het Ministerie van Oorlog) 		Schalen: Geographische of Duitsche mijlen van 15 op één graad; Hollandsche zee-mijlen van 20 op één graad of uren gaans; Engelsche en Fransche zee-mijlen van 60 op één graad; Kettingen ieder van 66 voeten Rijnlandsch; Nederlandsche roeden. In steen gegraveerd en gedrukt op het Top. Bureau van het Minches van Oorlog 1850. Legenda.  Reference Koeman, Bibliography printed maps Suriname, numbers 50  Inzet:  Part of Plan van Paramaribo, hoofdstad van Suriname (schaal [circa 1:13.500]; 19,5 x 27,5 cm)	9	UB Leiden	http://hdl.handle.net/1887.1/item:52999	https://digitalcollections.universiteitleiden.nl/iiif_manifest/item%3A53016/manifest	https://digitalcollections.universiteitleiden.nl/iiif/2/item%3A52999%7EJP2%7E4b16f33763a808bfaf18473c6df889f280ba2656624039c603ce6f0861ec15d4%7Edigitalc/info.json
63	Plan van Paramaribo, hoofdstad van Suriname			https://creativecommons.org/publicdomain/mark/1.0/	C. A. van Sijpesteijn	1850			Dutch	Legend 'Aanwijzing'	1	UB Leiden	http://hdl.handle.net/1887.1/item:53185	https://digitalcollections.universiteitleiden.nl/iiif_manifest/item%3A53185/manifest	https://digitalcollections.universiteitleiden.nl/iiif/2/item%3A53185%7EJP2%7E711eb6a345136153d5875cfb1b2c5b2eedc36707f29d6a4b5fc549ab6ac51d2e%7Edigitalc/info.json
64	Plattegrond van de stad Paramaribo	Plattegrond van de stad Paramaribo met aanwyzing der nieuwe wykverdeeling = Plan of the town Paramaribo : explaining the new division		https://creativecommons.org/publicdomain/mark/1.0/	A. G. Hiemcke	1850			Dutch, English	Legend.	1	UB Leiden	http://hdl.handle.net/1887.1/item:53200	https://digitalcollections.universiteitleiden.nl/iiif_manifest/item%3A53200/manifest	https://digitalcollections.universiteitleiden.nl/iiif/2/item%3A53200%7EJP2%7E0428f9153b6b35b1324f944655e60b145e7e4d3f924e316ffb203aa97101ab5f%7Edigitalc/info.json
65	Kaart van de kolonie Suriname	Kaart van de kolonie Suriname, een gedeelte van Guijana, Nederlandsche bezitting op het vasteland van Zuid-Amerika		https://creativecommons.org/publicdomain/mark/1.0/	Ministerie van Oorlog ('s-Gravenhage), Topographisch Bureau, J. C. Heneman, Cornelius Ascanius van Sypesteyn	1850	Gebroeders van Cleef	s-Gravenhage ; Amsterdam : Gebroeders van Cleef, 1850 	Dutch	Schalen: Geographische of Duitsche mijlen van 15 op één graad; Hollandsche zee-mijlen van 20 op één graad of uren gaans; Engelsche en Fransche zee-mijlen van 60 op één graad; Kettingen ieder van 66 voeten Rijnlandsch; Nederlandsche roeden. In steen gegraveerd en gedrukt op het Top. Bureau van het Min. van Oorlog 1850. Legenda.  Reference Koeman, Bibliography printed maps Suriname, no. 50  Inzet: Plan van Paramaribo, hoofdstad van Suriname (schaal [ca. 1:13.500]; 19,5 x 27,5 cm)	1	UB Leiden	http://hdl.handle.net/1887.1/item:815672	https://digitalcollections.universiteitleiden.nl/iiif_manifest/item%3A815672/manifest	https://digitalcollections.universiteitleiden.nl/iiif/2/item%3A815672%7EJP2%7E5027ab6cdfdedc003aa2796aeee4a96fe2e2e38b62ab8d604627ccdd4a4be0da%7Edigitalc/info.json
66	Schets kaart van de kolonie Suriname of Nederlandsch Guiana			https://creativecommons.org/publicdomain/mark/1.0/	E. Spanier	1855			Dutch	Beschrijving van Suriname : historisch-, geographisch- en statistisch overzigt	2	UB Leiden	http://hdl.handle.net/1887.1/item:2013261	https://digitalcollections.universiteitleiden.nl/iiif_manifest/item%3A3278462/manifest	https://digitalcollections.universiteitleiden.nl/iiif/2/item%3A2013261%7EJP2%7E8895e357847779f2e4dd45574dba955eb40aacc584af4dbbe58e28f55da8e1b0%7Edigitalc/info.json
67	Dutch possessions in South America and the West Indies	Dutch possessions in South America and the West Indies COLLBN 001-06-002		https://creativecommons.org/publicdomain/mark/1.0/	J. Dunlop	1861	A.Fullerton & Co. (London;Edinburgh) 		English	Contains: 1. Curaçao on an enlarged scale. 14.5×23 cm. - 2. Dutch possessions in South America and the West Indies. 13.5×22.5 cm Top right: 20. Inset: 1. In the Leeward or North Caribbee group 2. On the North Coast of Venezuela, South America. 3. Sketch map shewing the extent of the colony. 4. Plan of Paramaribo. 2 scale bars: 5 Geographical Miles (= 3.5 cm) G.H. Swanston, The Royal illustrated atlas of modern geography, London/Edinburgh ca. 1861	1	UB Leiden	http://hdl.handle.net/1887.1/item:53124	-	https://digitalcollections.universiteitleiden.nl/iiif/2/item%3A53124%7EJP2%7E03c2042554196deaf5019928b057e2c21701ae47553ae124a58c1933a830a749%7Edigitalc/info.json
68	Kaart van de colonie Suriname	Kaart van de colonie Suriname, en van de Nederlandsche bezittingen in West-Indië en op de kust van Guinea 		https://creativecommons.org/publicdomain/mark/1.0/	E. de Geest	1862	Seyffardt's Boekhandel	Amsterdam : Seyffardt's Boekhandel, 1862 	Dutch	lithography, color ; sheet 27x37 cm 	2	UB Leiden	http://hdl.handle.net/1887.1/item:52876	https://digitalcollections.universiteitleiden.nl/iiif_manifest/item%3A53031/manifest	https://digitalcollections.universiteitleiden.nl/iiif/2/item%3A52876%7EJP2%7Ec8fd3b7c07d26754d5960c41ca249fe5d1290191d9251f7fbb717d6a11f12375%7Edigitalc/info.json
69	Kaart van de stad Paramaribo			https://creativecommons.org/publicdomain/mark/1.0/		1870		[Place of publication not identified] : [Publisher not identified], [1870]	Dutch	Gegevens verzameld over de periode/Data collected over the period: 1870.	1	UB Leiden	http://hdl.handle.net/1887.1/item:2010998	https://digitalcollections.universiteitleiden.nl/iiif_manifest/item%3A2010998/manifest	https://digitalcollections.universiteitleiden.nl/iiif/2/item%3A2010998%7EJP2%7E63bc5bb4c216a34ac80c4739de6b3207471077d517f62f29f602ce8adc992d84%7Edigitalc/info.json
70	Kaart van de rivier de Suriname			https://creativecommons.org/publicdomain/mark/1.0/	G. P. H. Zimmermann	1877	Stemler	Amsterdam : Stemler, 1877	Dutch	Gegevens verzameld over de periode: 1877.  In: Tijdschrift van het Aardrijkskundig genootschap; 2(1877), krt. 15	1	UB Leiden	http://hdl.handle.net/1887.1/item:2012510	https://digitalcollections.universiteitleiden.nl/iiif_manifest/item%3A2012510/manifest	https://digitalcollections.universiteitleiden.nl/iiif/2/item%3A2012510%7EJP2%7Ebb7940499b69fa6127a6e717007dac69af271ea87753437e372dd00addf80b0f%7Edigitalc/info.json
71	Plattegrond van de stad Paramaribo	Plattegrond van de stad Paramaribo met aanwijzing der nieuwe wijkverdeeling, een oude suiker plantage, de voortbrengselen van de kolonie, een bergachtige streek ten oosten der stad, de vaart en diepte in voeten		https://creativecommons.org/publicdomain/mark/1.0/	F. P. G. Arons, Faddegon en Co.	1881	J. C. Marcus, J. L. Marcus	Amsterdam : J.C. Marcus ; Paramaribo : J.L. Marcus, 1881	Dutch	Met een korte weergave van de geschiedenis der stad. Met een "Gezicht van Paramaribo, 1/4 gedeelte" (6,5 x 43 cm) en 4 afb. Gegevens verzameld over de periode/Data collected over the period: 1881. Aanwijzing der Nummers: 1-43. Schaal van 8 Hectometer.  Reference: Koeman, Bibliography printed maps Suriname, no. 239	1	UB Leiden	http://hdl.handle.net/1887.1/item:2012376	https://digitalcollections.universiteitleiden.nl/iiif_manifest/item%3A2012376/manifest	https://digitalcollections.universiteitleiden.nl/iiif/2/item%3A2012376%7EJP2%7Ef8fd0f2ffe108cbd7d2b55c88a9ee31dc45f4c793723affae49e3ac881aee972%7Edigitalc/info.json
72	Kaart van Suriname [meerbladig]	Kaart van Suriname naar opmetingen gedaan in de jaren 1860-1880			Johan François Adriaan Cateau van Rosevelt, Jan Felix Adriaan Eugeen van Lansberge	1882		[S.l. : s.n.], [1882]	Dutch	Vermoedelijk gedrukt door het Topographisch Bureau van het Ministerie van Defensie, 's-Gravenhage. Legenda.  Reference: Koeman, Bibliography printed maps Suriname, numbers 76  Bijkaarten: [1.] Kaart van Paramaribo (schaal 1:10.000); [2.] Kaart van Nieuw Rotterdam met aanduiding van het weggespoelde deel en van de nieuwe vestigingsplaats Nieuw-Nickerie (schaal 1:20.000)	11	UB Leiden	http://hdl.handle.net/1887.1/item:52920	https://digitalcollections.universiteitleiden.nl/iiif_manifest/item%3A53015/manifest	https://digitalcollections.universiteitleiden.nl/iiif/2/item%3A52920%7EJP2%7E0edbf619cb00a1f54b827919fe598626dd2b94810228d1a63269554b826af279%7Edigitalc/info.json
73	Kaart van Suriname [enkelbladig]	Kaart van Suriname naar opmetingen gedaan in de jaren 1860-1879			Johan François Adriaan Cateau van Rosevelt, Jan Felix Adriaan Eugeen van Lansberge	1882		[S.l. : s.n.], [1882]	Dutch	Vermoedelijk gedrukt door het Topographisch Bureau van het Ministerie van Defensie, 's-Gravenhage. Legenda.  Reference: Koeman, Bibliography printed maps Suriname, no. 76  Bijkaarten: [1.] Kaart van Paramaribo (schaal 1:10.000); [2.] Kaart van Nieuw Rotterdam met aanduiding van het weggespoelde deel en van de nieuwe vestigingsplaats Nieuw-Nickerie (schaal 1:20.000)	1	UB Leiden	http://hdl.handle.net/1887.1/item:814811	https://digitalcollections.universiteitleiden.nl/iiif_manifest/item%3A814811/manifest	https://digitalcollections.universiteitleiden.nl/iiif/2/item%3A814811%7EJP2%7E4adcde2c763cd4207dd5707905a86e410b5711e0cd961428723f409e9930b5fb%7Edigitalc/info.json
74	Kaart van Paramaribo met aanduiding der verschillende grondlagen	Kaart van Paramaribo met aanduiding der verschillende grondlagen, voor zooveel deze bekend zijn		https://creativecommons.org/publicdomain/mark/1.0/	W. L. Loth	1888		Paramaribo : [Publisher not identified], 1888	Dutch	Gegevens verzameld over de periode/Data collected over the period: 1888. Achterzijde is ingekleurd om de verschillende grondsoorten aan te geven.	1	UB Leiden	http://hdl.handle.net/1887.1/item:2012789	https://digitalcollections.universiteitleiden.nl/iiif_manifest/item%3A2012789/manifest	https://digitalcollections.universiteitleiden.nl/iiif/2/item%3A2012789%7EJP2%7E17ceba49475902c7420609839d4c62b56acc593d3c68d468ec8fa077f0a1569f%7Edigitalc/info.json
75	Drooglegging der terreinen rond Paramaribo			https://creativecommons.org/publicdomain/mark/1.0/		1890	S.l. : s.n.	[S.l. : s.n.], [ca. 1890]	Dutch	Toelichting op het wetsontwerp tot goedkeuring van eene koloniale verordening tot het aangaan van eene geldleening voor productieve werken in de kolonie Suriname. Legenda.	1	UB Leiden	http://hdl.handle.net/1887.1/item:814814	https://digitalcollections.universiteitleiden.nl/iiif_manifest/item%3A814814/manifest	https://digitalcollections.universiteitleiden.nl/iiif/2/item%3A814814%7EJP2%7Eb5408213629cd15ba666b85b8539b9a143c1b5e877aa471bfcc096593f07b507%7Edigitalc/info.json
76	Kaart van de Beneden-Marowijne			https://creativecommons.org/publicdomain/mark/1.0/	Louis Constant van  Panhuys,  Johan François Adriaan Cateau van Rosevelt,   Jan Felix Adriaan Eugeen van  Lansberge	1896		Amsterdam : J.H. de Bussy, 1896 	Dutch	Lith. v. J.H. de Bussy, Amsterdam. Gesigneerd: J.W. Gegevens verzameld over de periode/Data collected over the period: 1896. Vervaardigd naar de kaart van Suriname door J.F.A. Cateau v. Rosevelt en J.E. van Lansberge. Uitgegeven voor rekening van het Koloniaal museum te Haarlem. Koeman, Bibliography printed maps Suriname, no. 171  Inzet: Ook in: Bijkaartje op dezelfde schaal [voortzetting zuidwaarts tot de Armina val] (24 x 26,5 cm) De Indische Mercuur, 18 jan. 1896	1	UB Leiden	http://hdl.handle.net/1887.1/item:2011153	https://digitalcollections.universiteitleiden.nl/iiif_manifest/item%3A2011153/manifest	https://digitalcollections.universiteitleiden.nl/iiif/2/item%3A2011153%7EJP2%7Efebe4b26e95c9104d303a6ea17b9196409284eecbcd073f04ba2e9824c345ba4%7Edigitalc/info.json
77	Plan van Paramaribo			https://creativecommons.org/publicdomain/mark/1.0/	W. L. Loth.	1898	De Bussy	Amsterdam : De Bussy, 1898	Dutch	Gegevens verzameld over de periode/Data collected over the period: 1898. Een maal los aanwezig en achterin het boek: Beknopte aardrijkskundige beschrijving van Suriname / door W.L. Loth.  In: Beknopte aardrijkskundige beschrijving van Suriname	1	UB Leiden	http://hdl.handle.net/1887.1/item:2012157	https://digitalcollections.universiteitleiden.nl/iiif_manifest/item%3A2012157/manifest	https://digitalcollections.universiteitleiden.nl/iiif/2/item%3A2012157%7EJP2%7E00bb3b1712f6eba3820c49a3aa258864d70aee87fdafebc62ed497c6b8540fee%7Edigitalc/info.json
78	Kaart van het tot Suriname behoorende stroomgebied van Lawa, Litanie en Goninie			https://creativecommons.org/publicdomain/mark/1.0/	A. Franssen-Herderschee	1905	Smulders	Den Haag : Smulders, 1905	Dutch	Gegevens verzameld over de periode/Data collected over the period: 1905.  Kaart behoort bij het artikel: Verslag van de Goninie expeditie	1	UB Leiden	http://hdl.handle.net/1887.1/item:2011881	https://digitalcollections.universiteitleiden.nl/iiif_manifest/item%3A2011881/manifest	https://digitalcollections.universiteitleiden.nl/iiif/2/item%3A2011881%7EJP2%7Ed49f7e5355f9bbefc49a374a5f639f6be7a6b95c37fba2a4ed89a7be93485e68%7Edigitalc/info.json
79	D A 56,7	Suriname		https://creativecommons.org/publicdomain/mark/1.0/		1905	Amsterdam : Seyffardt's Boekhandel ; Paramaribo : C. Kersten & Co.	Amsterdam : Seyffardt's Boekhandel ; Paramaribo : C. Kersten & Co., 1905	Dutch	Omslagtitel: Kaart van Suriname. Genummerd r.b.: No. 26.	1	UB Leiden	http://hdl.handle.net/1887.1/item:815460	https://digitalcollections.universiteitleiden.nl/iiif_manifest/item%3A815460/manifest	https://digitalcollections.universiteitleiden.nl/iiif/2/item%3A815460%7EJP2%7E97ebc81bd0d2ab6abe32252dff3fc4c1d5c55e26ab0820a5e65f5811aa2e5b19%7Edigitalc/info.json
80	Geologische kaart van het gebied tusschen Lawa en Tapanahoni	Geologische kaart van het gebied tusschen Lawa en Tapanahoni Mijnexploratie van Gouvernementswege in Suriname				1907		['s-Gravenhage : Algemeene Landsdrukkerij], 1907	Dutch	Legenda.  Uit: Koloniaal Verslag Suriname 1907 (Supplement), Bijlage III: Verslag van het onderzoek naar goud in het Lawa-gebied	1	UB Leiden	http://hdl.handle.net/1887.1/item:815995	https://digitalcollections.universiteitleiden.nl/iiif_manifest/item%3A815995/manifest	https://digitalcollections.universiteitleiden.nl/iiif/2/item%3A815995%7EJP2%7E845ef8ef4c7d9097647bdd1f1600b43fca0d835abe6db170add2caed13f2bd65%7Edigitalc/info.json
81	D A 58,5	Kaart van Zuidwest Suriname		https://creativecommons.org/publicdomain/mark/1.0/	H. Bisschop van Tuinen	1908	J. Smulders & Co	Den Haag : J. Smulders & Co, 1908	Dutch	Met: Profiel voetpad Páloemen-Sipaliwini, geprojecteerd op de lijn RS, verticale schaal 1:10.000, en: Profiel voetpad Páloemen-Paroe, geprojecteerd op de lijn PQ, verticale schaal 1:10.000. Legenda.	1	UB Leiden	http://hdl.handle.net/1887.1/item:815217	-	https://digitalcollections.universiteitleiden.nl/iiif/2/item%3A815217%7EJP2%7Ecc549ad5c878e41a848fdd3848594079dd9d5fec5290537e7dc8f38999e5f89c%7Edigitalc/info.json
82	Kaart van het terrein tusschen de rivieren Suriname en Saramaca	Kaart van het terrein tusschen de rivieren Suriname en Saramaca behoorende bij het ontwerp tot aanleg van eenen spoorweg		https://creativecommons.org/publicdomain/mark/1.0/	W. L. van Loth	1910		Paramaribo : [Publisher not identified], [1910]	Dutch	Gegevens verzameld over de periode/Data collected over the period: 1910.	1	UB Leiden	http://hdl.handle.net/1887.1/item:1996024	https://digitalcollections.universiteitleiden.nl/iiif_manifest/item%3A1996024/manifest	https://digitalcollections.universiteitleiden.nl/iiif/2/item%3A1996024%7EJP2%7Ec2996f664ac5230f5b0afc9a594f252c13dfb7dc4695190b8abc757b7278843e%7Edigitalc/info.json
83	Overzichtskaart van Suriname			https://creativecommons.org/publicdomain/mark/1.0/	F. E. Spirlet, Opnemingsbrigade van Suriname (Paramaribo)	1913	Opnemingsbrigade van Suriname	[Paramaribo : Opnemingsbrigade van Suriname], 1913	Dutch	W 058°21' -W 053°40' /N 006°26' -N 001°20' Gebruikte kaarten en reisbeschrijvingen: kaarten van J.F.A. van Rosevelt en J.F.A.E. van Lansberge 1860-1879, kaart van W.L. Loth 1898, expeditie van dr. H. van Cappelle en C. van Drimmelen 1900; L.A. Bakhuis 1901, A.J. van Stockum 1902-1903; A. Franssen Herderschee 1903-1904; A. Franssen Herderschee 1904; C.H. de Goeje 1907; J.G.W.J. Eilerts de Haan 1908; J.G.W.J. Eilerts de Haan en C.C. Käyser 1910-1911. Gegevens verzameld over de periode/Data collected over the period: 1860-1911. Gegevens verzameld over de periode/Data collected over the period: 1898-1911. Op de kaart worden de terreinen die gereserveerd zijn voor het boswezen aangegeven.  Reference: Koeman, Bibliography printed maps Suriname, no. 98	1	UB Leiden	http://hdl.handle.net/1887.1/item:2012760	https://digitalcollections.universiteitleiden.nl/iiif_manifest/item%3A2012760/manifest	https://digitalcollections.universiteitleiden.nl/iiif/2/item%3A2012760%7EJP2%7Efdb3b661e3bd2ddd1e5e4f60009ab1254e7379914210389c5ae6c7766f23dc0b%7Edigitalc/info.json
84	Kaart van de Marowijne	Kaart van de Marowijne van af de samenvloeiing der Lawa en Tapanahoni tot Albina		https://creativecommons.org/publicdomain/mark/1.0/	Johan François Adriaan Cateau van Rosevelt	1915		[Place of publication not identified], [1915]	Dutch	Gegevens verzameld over de periode/Data collected over the period: 1860-1879. Bijlage van de Memorie van Toelichting van het wetsontwerp ter goedkeuring van het tractaat tot regeling van de grens tusschen Suriname en Fransch-Guyana in een deel van de Marowijne, Zitting 1915-1916, 327. Bijlage van de Memorie van Toelichting van het wetsontwerp ter goedkeuring van het tractaat tot regeling van de grens tusschen Suriname en Fransch-Guyana in een deel van de Marowijne, Zitting 1915-1916, 327	1	UB Leiden	http://hdl.handle.net/1887.1/item:2012642	https://digitalcollections.universiteitleiden.nl/iiif_manifest/item%3A2012642/manifest	https://digitalcollections.universiteitleiden.nl/iiif/2/item%3A2012642%7EJP2%7Ec78ea6b4a0f9baa0ab77ec9fb46e5f4b91e466af197d474f66d74ee7c787a70e%7Edigitalc/info.json
85	D A 53,2	Katholiek Suriname		https://creativecommons.org/publicdomain/mark/1.0/		1916		S.l. : s.n.	Dutch	Bijvoegsel van de 'Volksmissionaris', 15 maart 1916, afl. 4 Plan van Paramaribo	1	UB Leiden	http://hdl.handle.net/1887.1/item:814159	https://digitalcollections.universiteitleiden.nl/iiif_manifest/item%3A814159/manifest	https://digitalcollections.universiteitleiden.nl/iiif/2/item%3A814159%7EJP2%7E9a88bc2ef7163d61067f637ec4abaa54ef23c3ea8b14f833da04404c9802efc0%7Edigitalc/info.json
86	Moengo 	Moengo (Mongo)		https://creativecommons.org/publicdomain/mark/1.0/		1920		[Place of publication not identified] : [Publisher not identified], [1920]	English	Gegevens verzameld over de periode/Data collected over the period: 1920.	1	UB Leiden	http://hdl.handle.net/1887.1/item:2011245	https://digitalcollections.universiteitleiden.nl/iiif_manifest/item%3A2011245/manifest	https://digitalcollections.universiteitleiden.nl/iiif/2/item%3A2011245%7EJP2%7E27495fb21b5493a20c6d60f159f6686edae84a9a1954191be2f211e1187c132c%7Edigitalc/info.json
87	Paramaribo. Hoofdstad van Hollandsch Guyana of Suriname	Paramaribo hoofdstad van Hollandsch Guyana of Suriname				1926	Samson	Paramaribo : Samson, 1926	Dutch	Gegevens verzameld over de periode/Data collected over the period: 1926.	1	UB Leiden	http://hdl.handle.net/1887.1/item:2011373	https://digitalcollections.universiteitleiden.nl/iiif_manifest/item%3A2011373/manifest	https://digitalcollections.universiteitleiden.nl/iiif/2/item%3A2011373%7EJP2%7Ec49dded8cffd4cd0c1ac7bee6268ce23b369bcc2849467a9ada3495601f3969a%7Edigitalc/info.json
88	Overzichts-kaart van het district Nickerie			https://creativecommons.org/publicdomain/mark/1.0/		1926		Paramaribo : [Publisher not identified], 1926	Dutch	Gegevens verzameld over de periode/Data collected over the period: 1926.	1	UB Leiden	http://hdl.handle.net/1887.1/item:2011482	https://digitalcollections.universiteitleiden.nl/iiif_manifest/item%3A2011482/manifest	https://digitalcollections.universiteitleiden.nl/iiif/2/item%3A2011482%7EJP2%7E334c1e6238c5d4e1aac1cf2257f2ffa4b52d99bc0684c94609ecb93e7a29d612%7Edigitalc/info.json
89	Telephoonnet in Suriname	Telephoonnet in Suriname = Réseau téléphonique de Surinam		https://creativecommons.org/publicdomain/mark/1.0/		1928		[Place of publication not identified] : [Publisher not identified], [1928]	French, Dutch	Gegevens verzameld over de periode/Data collected over the period: 1928.	1	UB Leiden	http://hdl.handle.net/1887.1/item:2012118	https://digitalcollections.universiteitleiden.nl/iiif_manifest/item%3A2012118/manifest	https://digitalcollections.universiteitleiden.nl/iiif/2/item%3A2012118%7EJP2%7Ea715c76ba1538285d1571700b0de900e749bee4576de0894e5a3412060434671%7Edigitalc/info.json
90	Kaart van Suriname, aangevende de ligging der scholen	Kaart van Suriname, aangevende de ligging der scholen =		https://creativecommons.org/publicdomain/mark/1.0/		1928		[Place of publication not identified] : [Publisher not identified], 1928	French, Dutch	Gegevens verzameld over de periode/Data collected over the period: 1928.	1	UB Leiden	http://hdl.handle.net/1887.1/item:2012573	https://digitalcollections.universiteitleiden.nl/iiif_manifest/item%3A2012573/manifest	https://digitalcollections.universiteitleiden.nl/iiif/2/item%3A2012573%7EJP2%7E6c34c38a3995a82e112453914e60dbc7399a9c88ad44f8b8c71dc07c22683cc0%7Edigitalc/info.json
91	Overzichtskaart van Suriname, aangevende de ligging der op 1 april 1927 uitgegeven houtconcessies en houtvergunningen	Overzichtskaart van Suriname, aangevende de ligging der op 1 april 1927 uitgegeven houtconcessies en houtvergunningen, benevens de voorgestelde verdeeling van de kolonie in een drietal gebieden, respectievelijk voor klein- en middenexploitatie, voor grootexploitatie en voor vrijen aankap door boschnegers		https://creativecommons.org/publicdomain/mark/1.0/	J. Ph. Pfeiffer	1929	Holders	[Amsterdam] : Holdert, [1929]	Dutch	Gegevens verzameld over de periode/Data collected over the period: 1929.  Map belongs to: In: De voor Europa van belang zijnde Surinaamsche houtsoorten	1	UB Leiden	http://hdl.handle.net/1887.1/item:2012116	https://digitalcollections.universiteitleiden.nl/iiif_manifest/item%3A2012116/manifest	https://digitalcollections.universiteitleiden.nl/iiif/2/item%3A2012116%7EJP2%7Ec10e0b41951afd3378ffd1c95dbdd06e726bd2e40b2626fc3d98ad0e0e8e970a%7Edigitalc/info.json
92	Kaart van Suriname [meerbladig]	Kaart van Suriname		https://creativecommons.org/publicdomain/mark/1.0/	Louis August Bakhuis, W. de Quant, Johan François Adriaan Cateau van Rosevelt, Jan Felix Adriaan Eugeen van Lansberge, Ministerie van Koloniën (Den Haag) 	1930	Departement van Koloniën	[Den Haag] : Departement van Koloniën, 1930	Dutch	Bladindeling op blad 1. Bewerkt naar de gegevens voorkomende op de kaarten van J.F.A. Cateau van Rosevelt en J.F.A.E. van Lansberge (1860-1879) en naar de uitkomsten der metingen, uitgevoerd door de wetenschappelijke expeditiën van 1900 tot 1927 aangevuld met die van de Marine, den Opnemingsdienst, het Boschwezen en van landmeters. Gegevens verzameld over de periode/Data collected over the period: 1900-1927. Legenda.  Reference: Lit.: Koeman, Bibliography printed maps Suriname, no. 107	19	UB Leiden	http://hdl.handle.net/1887.1/item:2015734	http://hdl.handle.net/1887.1/item:2015734	https://digitalcollections.universiteitleiden.nl/iiif/2/item%3A2015734%7EJP2%7E2d4a9c0a75863e1fd5934663af151852d9d04ea272cf0f12c1c5cb240794dd25%7Edigitalc/info.json
93	Groote kaart van de Surinaamsche Ondernemersraad			https://creativecommons.org/publicdomain/mark/1.0/	Ondernemersraad voor Suriname 	1930		[S.l. : Ondernemersraad voor Suriname], [ca. 1930] 	Dutch	Verso: Titel in potlood. De namen van de verschillende ondernemingen staan op de kaart vermeld.	1	UB Leiden	http://hdl.handle.net/1887.1/item:817618	-	https://digitalcollections.universiteitleiden.nl/iiif/2/item%3A817618%7EJP2%7Eecc889f0439bd6f1d8da637ead73c41f3181c7e0b63916a4f429a3bc8128c3a9%7Edigitalc/info.json
94	Kaart van de kust van Suriname, aangevende de ligging der plantages			https://creativecommons.org/publicdomain/mark/1.0/		1935	Ondernemersraad voor Suriname	[Place of publication not identified] : Ondernemersraad voor Suriname, [1935]	Dutch	Gegevens verzameld over de periode/Data collected over the period: 1935. De kaart begrensd het gebied van de Coppename ten westen en de Mot Kreek ten oosten. In triplo aanwezig. Het C exemplaar heeft een handgetekende uitbreiding naar het oosten.	1	UB Leiden	http://hdl.handle.net/1887.1/item:2011103	https://digitalcollections.universiteitleiden.nl/iiif_manifest/item%3A2011103/manifest	https://digitalcollections.universiteitleiden.nl/iiif/2/item%3A2011103%7EJP2%7Ed24711639f249d946775d3aa2b18a82a76cfd5bda6624c381d9dc29d29d4fcfa%7Edigitalc/info.json
95	Overzichtskaart van Paramaribo			https://creativecommons.org/publicdomain/mark/1.0/	Charles Douglas	1935		[Place of publication not identified : Publisher not identified], 1935	Dutch	Gegevens verzameld over de periode/Data collected over the period: 1935.	1	UB Leiden	http://hdl.handle.net/1887.1/item:2012588	https://digitalcollections.universiteitleiden.nl/iiif_manifest/item%3A2012588/manifest	https://digitalcollections.universiteitleiden.nl/iiif/2/item%3A2012588%7EJP2%7E0bba6ed6dc280e0285ff1ee2e2033e69475ea53d9d8b2d928696c2f1cc922572%7Edigitalc/info.json
96	Schets van Paramaribo			https://creativecommons.org/publicdomain/mark/1.0/	Charles Douglas	1936		[Place of publication not identified] : [Publisher not identified], 1936	Dutch	Gegevens verzameld over de periode/Data collected over the period: 1936.	1	UB Leiden	http://hdl.handle.net/1887.1/item:2011683	https://digitalcollections.universiteitleiden.nl/iiif_manifest/item%3A2011683/manifest	https://digitalcollections.universiteitleiden.nl/iiif/2/item%3A2011683%7EJP2%7Ec1742c7fed0e2057009ccb6592ae1a68fb77d1e92229133e3f3a4fdec5d1ee9e%7Edigitalc/info.json
97	Religions 1936	Religions 1936 [without bushnegroes and aboriginal Indians]		https://creativecommons.org/publicdomain/mark/1.0/		1936		[Place of publication not identified] : [Publisher not identified], 1936	English	Gegevens verzameld over de periode/Data collected over the period: 1936. Getekende grafiek van de godsdiensten in Suriname met hun aantal aanhangers.	1	UB Leiden	http://hdl.handle.net/1887.1/item:2012438	https://digitalcollections.universiteitleiden.nl/iiif_manifest/item%3A2012438/manifest	https://digitalcollections.universiteitleiden.nl/iiif/2/item%3A2012438%7EJP2%7E359c5ed2f0c15c871853cde848f33fc20f88945da44c9806f03415bb8eb406f1%7Edigitalc/info.json
98	Overzichtskaart van Suriname	Overzichtskaart van Suriname [waarop aangegeven de bevaarbaarheid van de rivieren]		https://creativecommons.org/publicdomain/mark/1.0/	F. E. Spirlet	1938	Smulders	s Gravenhage : Smulders, [ca. 1938]	Dutch	Gegevens verzameld over de periode: 1938. De gegevens zijn ingetekend op de overzichtskaart uit 1927, samengest. door F.E. Spirlet.	1	UB Leiden	http://hdl.handle.net/1887.1/item:2011901	https://digitalcollections.universiteitleiden.nl/iiif_manifest/item%3A2011901/manifest	https://digitalcollections.universiteitleiden.nl/iiif/2/item%3A2011901%7EJP2%7E5e30037121674c14fb8d1c2de3ee479bfb0e1904fbbbc31cb55ba25b32f0d27c%7Edigitalc/info.json
99	Nederlandsch-Guyana	Nederlandsch-Guyana Suriname-rivier van het lichtschip tot Paramaribo		https://creativecommons.org/publicdomain/mark/1.0/	Ministerie van defensie Nederland	1938		s-Gravenhage : Nederland. Ministerie van defensie. Afdeeling hydrografie, 1938	Dutch	Gegevens verzameld over de periode/Data collected over the period: 1925-1937.	1	UB Leiden	http://hdl.handle.net/1887.1/item:1997033	https://digitalcollections.universiteitleiden.nl/iiif_manifest/item%3A1997033/manifest	https://digitalcollections.universiteitleiden.nl/iiif/2/item%3A1997033%7EJP2%7E9edeeda158498704ea8a3449a3c673b5a0b0a70c8f68d21eef45d69692ba605a%7Edigitalc/info.json
100	[Kaart van het noordelijk deel van Suriname]	KK 120-02-01/03_001		https://creativecommons.org/publicdomain/mark/1.0/		1947		[Paramaribo] : Kadaster, [1947]  	Dutch	Gegevens verzameld over de periode/Data collected over the period: 1947. 	3	UB Leiden	http://hdl.handle.net/1887.1/item:2012032	https://digitalcollections.universiteitleiden.nl/iiif_manifest/item%3A2013194/manifest	https://digitalcollections.universiteitleiden.nl/iiif/2/item%3A2012032%7EJP2%7Ee0123482963631a1c771df3835f9f10462af481eacedef1bc3d34ab53a8d83c6%7Edigitalc/info.json
101	Nickerie			https://creativecommons.org/publicdomain/mark/1.0/		1947	Departement van openbare werken en verkeer. Adeeling irrigatie	[Paramaribo] : Departement van openbare werken en verkeer. Adeeling irrigatie, 1947	Dutch	Gegevens verzameld over de periode/Data collected over the period: 1947.	1	UB Leiden	http://hdl.handle.net/1887.1/item:2011216	https://digitalcollections.universiteitleiden.nl/iiif_manifest/item%3A2011216/manifest	https://digitalcollections.universiteitleiden.nl/iiif/2/item%3A2011216%7EJP2%7E74e5b2cdf9fcaac9ea18dae178d654f1e2ba277051013f53d9c181f95c3e00e8%7Edigitalc/info.json
102	Kaart van Suriname				Centraal bureau luchtkartering	1953	Centraal bureau luchtkartering	[Paramaribo] : Centraal bureau luchtkartering, [1953]	Dutch	Gegevens verzameld over de periode/Data collected over the period: 1953.	58	UB Leiden	http://hdl.handle.net/1887.1/item:2014154	https://digitalcollections.universiteitleiden.nl/iiif_manifest/item%3A2017253/manifest	https://digitalcollections.universiteitleiden.nl/iiif/2/item%3A2014154%7EJP2%7E0ccd2b364e032804f5fd10b2026964b5c725ca78febba8dc80609d2adc0c3ce8%7Edigitalc/info.json
103	Kaart van Suriname	Suriname			Centraal bureau luchtkartering	1953-1955	Centraal bureau luchtkartering	[Paramaribo] : Centraal bureau luchtkartering, 1953-1955	Dutch	Gegevens verzameld over de periode/Data collected over the period: 1947-1954. De kaartserie beslaat alleen het kustgebied.	17	UB Leiden	http://hdl.handle.net/1887.1/item:2014463	https://digitalcollections.universiteitleiden.nl/iiif_manifest/item%3A2017252/manifest	https://digitalcollections.universiteitleiden.nl/iiif/2/item%3A2014463%7EJP2%7E8500c3d8a79e81af4f267aa7d7da029e326b4d64b86331575c3f85751ca962c7%7Edigitalc/info.json
104	D A 56,9	Suriname		https://creativecommons.org/publicdomain/mark/1.0/	Jaap Nefkens	1954	Stichting Machinale Landbouw Suriname	[S.l.] : Stichting Machinale Landbouw Suriname (S.M.L.S.), 1954	Dutch	Legenda.  Met 4 bijkaarten: 1) Gemiddelde jaarlijkse regenval ; 2) Grondsoorten ; 3) De verdeling van de verschillende bevolkingsgroepen (1952) ; 4) Situatie-schets (ligging Suriname)	1	UB Leiden	http://hdl.handle.net/1887.1/item:813087	-	https://digitalcollections.universiteitleiden.nl/iiif/2/item%3A813087%7EJP2%7Ea2f5b78342279d24607f3bf220a0abde3414e39d275bd8b66802499d759d477c%7Edigitalc/info.json
105	Woongebieden der Boslandcreolen aan de Suriname rivier			https://creativecommons.org/publicdomain/mark/1.0/	S. Lekidjah	1958		[Place of publication not identified] : [Publisher not identified], 1958	Dutch	Gegevens verzameld over de periode/Data collected over the period: 1958. Op de kaart worden ook de woongebieden afgebeeld die nu verdwenen zijn onder het Brokopondo stuwmeer.	1	UB Leiden	http://hdl.handle.net/1887.1/item:2011651	https://digitalcollections.universiteitleiden.nl/iiif_manifest/item%3A2011651/manifest	https://digitalcollections.universiteitleiden.nl/iiif/2/item%3A2011651%7EJP2%7E02ba26b138e48c5b48deb4ffb1f1ef97b2291a54b70d3f5b7d1ef9ae33fc6620%7Edigitalc/info.json
106	Overzichtskaart van Suriname	Overzichtskaart van Suriname [waarop aangegeven de standplaatsen van een Roomsch Katholiek priester en de standplaatsen van onderwijzers, tevens Roomsch Katholiek godsdienstleraar, Febr. 1938]		https://creativecommons.org/publicdomain/mark/1.0/	F. E. Spirlet	1938	Smulders	s Gravenhage : Smulders, [ca. 1938]	Dutch	Gegevens verzameld over de periode: 1938. De gegevens zijn ingetekend op de overzichtskaart uit 1927, samengest. door F.E. Spirlet.	1	UB Leiden	http://hdl.handle.net/1887.1/item:2011326	https://digitalcollections.universiteitleiden.nl/iiif_manifest/item%3A2011326/manifest	https://digitalcollections.universiteitleiden.nl/iiif/2/item%3A2011326%7EJP2%7E3d440d7b5a18c55a60c947260db8235aad71e58d85602eb817842820cb7a3aab%7Edigitalc/info.json
107	Kaart van het westelijke gedeelte der kolonie Suriname	Kaart van het westelijke gedeelte der kolonie Suriname, of van het Opper en Neder-distrikt Niekerie met aanwijzing der tot heden in cultuur gebragte landen, en den binnenlandschen doortogt naar de Post Niekerie		https://creativecommons.org/publicdomain/mark/1.0/	A. M. Abrahams	ca 1840		[S.l.], [ca.1840]	Dutch	Gegevens verzameld over de periode/Data collected over the period: 1840.  Reference: Koeman, Bibliography printed maps Suriname, no. 158	1	UB Leiden	http://hdl.handle.net/1887.1/item:2014032	https://digitalcollections.universiteitleiden.nl/iiif_manifest/item%3A2014032/manifest	https://digitalcollections.universiteitleiden.nl/iiif/2/item%3A2014032%7EJP2%7Ef7df794ca30a1350b3a5c4803685db5022327b97523d7a347ac3ac26225f40bc%7Edigitalc/info.json
108	Kaart van een gedeelte van de Suriname-rivier en de Para-kreek	Kaart van een gedeelte van de Suriname-rivier en de Para-kreek, met aangrenzende plantages.		https://creativecommons.org/publicdomain/mark/1.0/		ca 1850?					4	UB Leiden	http://hdl.handle.net/1887.1/item:3509926	https://digitalcollections.universiteitleiden.nl/iiif_manifest/item%3A3509926/manifest	https://iiif.universiteitleiden.nl/iiif/2/hdl:1887.1%2Fitem:3509930/info.json
109	Overzichtskaart van het zendings- en kerkewerk der Evangelische Broedergemeente (Hernhutters) in Suriname			https://creativecommons.org/publicdomain/mark/1.0/	Het Zeister Zendingsgenootschap	ca. 1950	Het Zeister Zendingsgenootschap	Zeist : Het Zeister Zendingsgenootschap, [ca. 1950]	Dutch	Legenda.	1	UB Leiden	http://hdl.handle.net/1887.1/item:812614	https://digitalcollections.universiteitleiden.nl/iiif_manifest/item%3A812614/manifest	https://digitalcollections.universiteitleiden.nl/iiif/2/item%3A812614%7EJP2%7E12e51bcdd4b2459cabdd347abafc098377dd86179c26e3d57063f722f178d42b%7Edigitalc/info.json
110	Getekende kaart van het noordoostelijk gedeelte van Suriname, met grenzen van districten en zetels van het districtsbestuur			https://creativecommons.org/publicdomain/mark/1.0/	F. Oudschans Dentz 	1930		[Place of publication not identified] : [Publisher not identified], [1930]	Dutch	Gegevens verzameld over de periode/Data collected over the period: 1930.	1	UB Leiden	http://hdl.handle.net/1887.1/item:2012369	https://digitalcollections.universiteitleiden.nl/iiif_manifest/item%3A2012369/manifest	https://digitalcollections.universiteitleiden.nl/iiif/2/item%3A2012369%7EJP2%7E31a8c8844bf7e37f9a3f22579c0e6025915557871ed5ac3f1eb8cd750f72b9dd%7Edigitalc/info.json
111	Platte grond van de hoofd-legerplaats tusschen de rivieren Cottica en Maroni	‘Platte grond van de hoofd-legerplaats tusschen de rivieren Cottica en Maroni; benevens de manier om in de bosschen van Suriname te legeren’. Kaart, genummerd Pl.XXXII.		https://creativecommons.org/publicdomain/mark/1.0/							4	UB Leiden	http://hdl.handle.net/1887.1/item:3509931	https://digitalcollections.universiteitleiden.nl/iiif_manifest/item%3A3509931/manifest	-
112	Kaart van de Noordelijke helft van Suriname	Kaart van de Noordelijke helft van Suriname, genummerd Pl. V.		https://creativecommons.org/publicdomain/mark/1.0/							4	UB Leiden	http://hdl.handle.net/1887.1/item:3509936	https://digitalcollections.universiteitleiden.nl/iiif_manifest/item%3A3509936/manifest	https://iiif.universiteitleiden.nl/iiif/2/hdl:1887.1%2Fitem:3509940/info.json
113	Kaart van de rivier de Suriname door G.P.H. Zimmermann	Kaart van de rivier de Suriname, door G.P.H. Zimmermann, officier der Infanterie	Kaart van de Rivier de Suriname, Door G.P.H. Zimmermann, Officier Der Infanterie. Amsterdam, C.F. Stemler, 1877.		G. P. H. Zimmermann, Tresling & Co.	1877	C. F. Stempler, Tresling & Co.	Amsterdam, C.F. Stemler (Amsterdam :, Tresling & Co)			1	UB Amsterdam	https://hdl.handle.net/11245/3.38609	https://uvaerfgoed.nl/viewer/api/v1/records/11245_3_38609/manifest/	https://images.uba.uva.nl/iiif/2/erfgoed!surinamica!6!5!8!990006508560205131!SURI01_Kaartenzl-34-32-15.jpg/info.json	https://annotations.allmaps.org/maps/47115a6baa5bf14f
114	Kaart van Suriname (handgetekend)	Kaart van Suriname			Johan François Adriaan Cateau van Rosevelt, Jan Felix Adriaan Eugeen van Lansberge	1860-1879		[Place of publication not identified] : [Publisher not identified], 1860-1879	Dutch	Gegevens verzameld over de periode/Data collected over the period: 1860-1879.	28	UB Leiden	http://hdl.handle.net/1887.1/item:2016077	https://digitalcollections.universiteitleiden.nl/iiif_manifest/item%3A2017249/manifest	https://digitalcollections.universiteitleiden.nl/iiif/2/item%3A2016077%7EJP2%7E35b1a5e9d45727b8dcb9652f727764f66275fd83c4b3e9df67295745c321aa4d%7Edigitalc/info.json
115	Plan de la ville de Paramaribo et de ses environs, jusqu'au terrein de la société			https://creativecommons.org/publicdomain/mark/1.0/	J. van der Schley, Marc Michel Rey	1772	Marc Michel Rey	Amsterdam	French		1	UB Leiden	http://hdl.handle.net/1887.1/item:2013495	https://digitalcollections.universiteitleiden.nl/iiif_manifest/item%3A2013495/manifest	https://iiif.universiteitleiden.nl/iiif/2/hdl:1887.1%2Fitem:2013495/info.json	https://annotations.allmaps.org/maps/ff840ce220ba6a43
116	Nieuwe special kaart van de colonie Suriname met de tot culture gebragt zijnde landen en plantagien eerbiedigst opgedragen aan het Committe van de Bataafsche bezittingen in America en op de kust van Africa / COLLBN 053-15			https://creativecommons.org/publicdomain/mark/1.0/	J. H. Moseberg	1795-1799		Amsterdam : s.n., tussen 1795 en 1799	Dutch	Lit.: C. Koeman, Bibliography of printed maps of Suriname 1671-1971 (Amsterdam 1973) vermeldt onder nr. 33 een latere editie uit 1801.	1	UB Leiden	http://hdl.handle.net/1887.1/item:3633336	https://digitalcollections.universiteitleiden.nl/iiif_manifest/item%3A3633336/manifest	https://iiif.universiteitleiden.nl/iiif/2/hdl:1887.1%252Fitem:3633336/info.json	https://annotations.allmaps.org/maps/0f08ca87090bda4f
117	Paramaribo 1916-17			https://creativecommons.org/publicdomain/mark/1.0/	Centraal bureau luchtkartering	1920	Topographische Inrichting	s-Gravenhage : Topographische Inrichting, 1920	Dutch	Gegevens verzameld over de periode/Data collected over the period: 1916-1917.	1	UB Leiden	http://hdl.handle.net/1887.1/item:2012417	https://digitalcollections.universiteitleiden.nl/iiif_manifest/item%3A2012417/manifest	https://iiif.universiteitleiden.nl/iiif/2/hdl:1887.1%252Fitem:2012417/info.json	https://annotations.allmaps.org/maps/0431887a9d208417
118	Carte de la colonie de Demerari en 1784 COLLBN 002-10-017			https://creativecommons.org/publicdomain/mark/1.0/		1784			French		1	UB Leiden	  http://hdl.handle.net/1887.1/item:3254319	https://digitalcollections.universiteitleiden.nl/iiif_manifest/item%3A3254319/manifest	https://iiif.universiteitleiden.nl/iiif/2/hdl:1887.1%252Fitem:3254319/info.json	https://annotations.allmaps.org/maps/787af9e6881b27d6
119	Colonie Surinaame  Deze Denerale kaart der voormelde colonie COLLBN 053-51	Colonie Surinaame - COLLBN 053-51 (detail 6)		https://creativecommons.org/publicdomain/mark/1.0/	Helmuth Hendrik Hiemcke	1830		Paramaribo	Dutch	With a legend: “Mijlen-Wijzer”. With an inset (24 x 27.5 cm): “Plan der stad Paramaribo”. With 1 bar scale: Schaal van 50 Kettingen Rhijnlant maa't 50 = 7.1 cm. With a compass rose in the middle of the map. The north of the map is at the bottom. With several remarks.	8	UB Leiden	  http://hdl.handle.net/1887.1/item:3753547	https://digitalcollections.universiteitleiden.nl/iiif_manifest/item%3A3753552/manifest	https://iiif.universiteitleiden.nl/iiif/2/hdl:1887.1%2Fitem:3753547/info.json	https://annotations.allmaps.org/maps/ae8e71fd2a418647
120	Kaart van Suriname opgenomen en getekend in de jaren 1860-1879 door J.F.A. Cateau van Rosevelt en J.F.A.E. van Lansberge	Kaart van Suriname - sheet 10		https://creativecommons.org/publicdomain/mark/1.0/	Johan François Adriaan Cateau van Rosevelt, J.F.A.E. van Lansberge	1860-1879		[Place of publication not identified] : [Publisher not identified], 1860-1879	Dutch	Gegevens verzameld over de periode/Data collected over the period: 1860-1879.	28	UB Leiden	http://hdl.handle.net/1887.1/item:2014978	https://digitalcollections.universiteitleiden.nl/iiif_manifest/item%3A2017256/manifest	https://iiif.universiteitleiden.nl/iiif/2/hdl:1887.1%2Fitem:2014978/info.json	https://annotations.allmaps.org/maps/1d7e4a0bd68f039c
121	Kaart van Suriname opgenomen en getekend in de jaren 1860-1879 door J.F.A. Cateau van Rosevelt en J.F.A.E. van Lansberge	Kaart van Suriname - sheet 17		https://creativecommons.org/publicdomain/mark/1.0/	Johan François Adriaan Cateau van Rosevelt, J.F.A.E. van Lansberge	1860-1879		[Place of publication not identified] : [Publisher not identified], 1860-1879	Dutch	Gegevens verzameld over de periode/Data collected over the period: 1860-1879.	28	UB Leiden	http://hdl.handle.net/1887.1/item:2016457	https://digitalcollections.universiteitleiden.nl/iiif_manifest/item%3A2017249/manifest	https://iiif.universiteitleiden.nl/iiif/2/hdl:1887.1%252Fitem:2016457/info.json	https://annotations.allmaps.org/maps/d9864b2de6f577e3
122	Kaart van Suriname opgenomen en getekend in de jaren 1860-1879 door J.F.A. Cateau van Rosevelt en J.F.A.E. van Lansberge	Kaart van Suriname - sheet 5		https://creativecommons.org/publicdomain/mark/1.0/	Johan François Adriaan Cateau van Rosevelt, J.F.A.E. van Lansberge	1860-1879		[Place of publication not identified] : [Publisher not identified], 1860-1879	Dutch	Gegevens verzameld over de periode/Data collected over the period: 1860-1879.	28	UB Leiden	http://hdl.handle.net/1887.1/item:2014626	https://digitalcollections.universiteitleiden.nl/iiif_manifest/item%3A2017249/manifest	https://iiif.universiteitleiden.nl/iiif/2/hdl:1887.1%252Fitem:2014626/info.json	https://annotations.allmaps.org/maps/051b7daf238b6873
123	Kaart van Suriname opgenomen en getekend in de jaren 1860-1879 door J.F.A. Cateau van Rosevelt en J.F.A.E. van Lansberge	Kaart van Suriname - sheet 18		https://creativecommons.org/publicdomain/mark/1.0/	Johan François Adriaan Cateau van Rosevelt, J.F.A.E. van Lansberge	1860-1879		[Place of publication not identified] : [Publisher not identified], 1860-1879	Dutch	Gegevens verzameld over de periode/Data collected over the period: 1860-1879.	28	UB Leiden	  http://hdl.handle.net/1887.1/item:2015392	https://digitalcollections.universiteitleiden.nl/iiif_manifest/item%3A2017249/manifest	https://iiif.universiteitleiden.nl/iiif/2/hdl:1887.1%252Fitem:2015392/info.json	https://annotations.allmaps.org/maps/250830d5d6bef9eb
124	Plan du plantage Maria Elizabeth a J. Ryan sur lisle Leguwaan 1783. Was gete: Pechor COLLBN 006-12-009			https://creativecommons.org/publicdomain/mark/1.0/	Jacobus Johannes Klenee	1787			French, Dutch		1	UB Leiden	http://hdl.handle.net/1887.1/item:3156379	https://digitalcollections.universiteitleiden.nl/iiif_manifest/item%3A3156379/manifest	https://iiif.universiteitleiden.nl/iiif/2/hdl:1887.1%252Fitem:3156379/info.json	https://annotations.allmaps.org/maps/25a81e977c8e876c
125	Plan der geprojecteerde Nieuwe Brandwagt of Speelbattery			https://creativecommons.org/publicdomain/mark/1.0/	D. W. C. Hattinga	1757			Dutch		1	UB Leiden	http://hdl.handle.net/1887.1/item:127199	https://digitalcollections.universiteitleiden.nl/iiif_manifest/item%3A127199/manifest	https://iiif.universiteitleiden.nl/iiif/2/hdl:1887.1%252Fitem:127199/info.json	https://annotations.allmaps.org/maps/c75e749d62e8eb88
126	Kaart van Suriname opgenomen en getekend in de jaren 1860-1879 door J.F.A. Cateau van Rosevelt en J.F.A.E. van Lansberge	Kaart van Suriname - sheet 6		https://creativecommons.org/publicdomain/mark/1.0/	Johan François Adriaan Cateau van Rosevelt, J.F.A.E. van Lansberge	1860-1879		[Place of publication not identified] : [Publisher not identified], 1860-1879	Dutch	Gegevens verzameld over de periode/Data collected over the period: 1860-1879.	28	UB Leiden	  http://hdl.handle.net/1887.1/item:2016722	https://digitalcollections.universiteitleiden.nl/iiif_manifest/item%3A2017249/manifest	https://iiif.universiteitleiden.nl/iiif/2/hdl:1887.1%252Fitem:2016722/info.json	https://annotations.allmaps.org/maps/051b7daf238b6873
